,0,Formation energy [eV/atom],Magnetic moment [mu_B],Radius A [ang],Radius B [ang],Stability [eV/atom],Vacancy energy [eV/O atom],Volume per atom [A^3/atom],a [ang],alpha [deg],b [ang],beta [deg],c [ang],gamma [deg],band gap (dft),band gap(ml),diff
0,,-2.256,1.57,1.03,0.65,0.644,2.177,11.842,3.898,90,3.898,90,3.898,90,0,-0.010852067,0.010852067
1,,-2.75,0.6,1.03,0.62,0.242,3.046,11.842,5.475,90,5.502,90,7.862,90,1.067,-0.1097610539,1.1767610539
2,,-2.706,0.6,1.03,0.94,0.909,2.735,16.31,4.337,90,4.337,90,4.337,90,0,0.2113940799,-0.2113940799
3,,-2.099,0.693,1.03,0.63,0.759,2.243,12.104,3.926,90,3.926,90,3.926,90,0,-0.074969936,0.074969936
4,,-3.25,0.621,1.03,0.71,0.199,5.259,13.562,5.629,90,5.974,90,8.067,90,0,-0.5189022965,0.5189022965
5,,-2.226,0.4,1.17,1.02,0.291,-2.345,15.403,5.681,90,6.135,90,8.838,90,1.773,0.3564346449,1.4165653551
6,,-1.678,0.6,1.03,0.68,0.933,0.675,12.83,4.003,90,4.003,90,4.003,90,0,0.0159176981,-0.0159176981
7,,-2.87,0.2,1.17,1.38,0.27,-3.13,17.52,5.403,90,5.74,90,11.299,90,2.296,0.115313311,2.180686689
8,,-2.388,0.601,1.03,1.03,1.187,1.159,19.16,4.576,90,4.576,90,4.576,90,0,0.0187373949,-0.0187373949
9,,-3.047,0.2,0.84,0.76,0.099,-2.292,10.735,5.167,90,5.647,90,7.359,90,2.256,0.6274877031,1.6285122969
10,,-3.363,0.4,1.17,0.72,0.107,0.9,11.777,5.348,90,5.732,90,7.683,90,3.156,0.560277042,2.595722958
11,,-2.991,1.4,1.03,0.65,0.115,3.81,12.781,5.463,90,5.94,90,7.879,90,1.822,0.3723974748,1.4496025252
12,,-2.307,0.621,1.03,0.69,0.631,2.262,12.796,4,90,4,90,4,90,0,-0.0476947237,0.0476947237
13,,-2.87,0.2,1.17,1.02,0.238,-4.483,13.162,5.483,90,5.74,90,8.365,90,2.597,0.9756828837,1.6213171163
14,,-2.632,0.662,1.03,0.72,0.521,3.631,13.425,4.064,90,4.064,90,4.064,90,0,-0.1799622244,0.1799622244
15,,-2.136,0.8,1.17,0.69,0.652,0.946,10.883,3.789,90,3.789,90,3.789,90,0,-0.0933740879,0.0933740879
16,,-1.725,0.591,1.17,0.57,0.915,1.066,12.648,3.984,90,3.984,90,3.984,90,0,-0.0323299582,0.0323299582
17,,-1.758,0.592,1.17,0.86,0.793,0.772,12.851,4.005,90,4.005,90,4.005,90,0,0.1567911648,-0.1567911648
18,,-2.507,0.6,1.17,0.97,1.05,0.672,17.331,4.425,90,4.425,90,4.425,90,0,0.1249244739,-0.1249244739
19,,-1.613,0.6,1.17,0.67,0.922,0.467,13.37,4.059,90,4.059,90,4.059,90,0,-0.0262271071,0.0262271071
20,,-2.69,1.6,1.17,0.83,0.846,3.167,17.523,4.441,90,4.441,90,4.441,90,0,0.0201349111,-0.0201349111
21,,-2.834,0.2,1.17,1.52,0.28,-10.746,18.845,5.387,90,5.747,90,12.174,90,2.31,0.7877024185,1.5222975815
22,,-1.93,0.637,1.03,0.63,0.874,1.647,12.729,3.993,90,3.993,90,3.993,90,0,0.0115075015,-0.0115075015
23,,-1.883,0.57,1.03,0.67,0.72,0.54,12.518,3.97,90,3.97,90,3.97,90,0,0.0045946282,-0.0045946282
24,,-1.941,0.565,1.03,0.68,0.731,0.962,12.441,3.962,90,3.962,90,3.962,90,0,-0.0159836393,0.0159836393
25,,-1.742,0.725,1.03,0.76,1.076,0.893,15.118,4.228,90,4.228,90,4.228,90,0,0.0324537661,-0.0324537661
26,,-3.609,0.6,1.03,0.75,0.013,4.046,13.125,5.6,90,5.831,90,8.039,90,2.023,2.9400970625,-0.9170970625
27,,-2.462,0.734,1.17,0.4,0.76,3.318,10.727,3.771,90,3.771,90,3.771,90,0,-0.0822547048,0.0822547048
28,,-2.56,0.6,1.03,0.96,1.009,2.588,17.051,4.401,90,4.401,90,4.401,90,0,0.0790783596,-0.0790783596
29,,-1.988,0.744,1.03,0.69,0.919,2.06,13.908,4.112,90,4.112,90,4.112,90,0,-0.0273019155,0.0273019155
30,,-3.326,0.4,1.17,1.18,0.161,-7.732,16.725,5.809,90,5.967,90,9.651,90,1.939,2.2754846144,-0.3364846144
31,,-2.783,0.529,1.03,0.72,0.385,3.37,12.908,5.388,67.9,5.388,67.9,5.388,67.9,0,-0.0453037364,0.0453037364
32,,-2.631,0.6,1.03,0.92,0.867,3.219,16.016,4.31,90,4.31,90,4.31,90,0,-0.0062695983,0.0062695983
33,,-2.111,0.876,1.17,0.6,0.691,1.893,12.613,3.98,90,3.98,90,3.98,90,0,-0.0416484444,0.0416484444
34,,-2.86,0.798,1.17,0.94,0.828,3.054,19.09,4.57,90,4.57,90,4.57,90,0,-0.1778797674,0.1778797674
35,,-3.271,0.414,1.03,0.67,0.118,5.163,12.263,5.463,90,5.692,90,7.888,90,0,0.6187857287,-0.6187857287
36,,-2.238,0.4,1.03,0.89,0.507,-0.975,15.585,5.939,90,6.187,90,8.483,90,0,0.0945711892,-0.0945711892
37,,-2.966,0.6,1.03,0.88,0.719,3.505,15.012,4.218,90,4.218,90,4.218,90,0,0.4946415779,-0.4946415779
38,,-3.176,1,1.03,0.64,0.02,4.461,12.447,5.392,90,5.949,90,7.76,90,1.685,1.2757863071,0.4092136929
39,,-2.213,0.644,1.03,0.66,0.731,2.108,12.827,4.003,90,4.003,90,4.003,90,0,-0.0842347603,0.0842347603
40,,-2.791,0.6,1.03,0.9,0.832,2.554,15.753,4.287,90,4.287,90,4.287,90,0,0.4298029055,-0.4298029055
41,,-2.341,0.401,1.03,0.87,1.354,-3.14,14.146,4.136,90,4.136,90,4.136,90,0,-0.0371898455,0.0371898455
42,,-2.187,0.511,1.17,0.74,0.764,1.141,11.536,3.864,90,3.864,90,3.864,90,0,-0.1193118477,0.1193118477
43,,-3.182,0.51,1.03,0.72,0.219,5.154,13.763,5.669,90,6.188,90,7.847,90,0,-0.3427946534,0.3427946534
44,,-1.633,0,0.72,0.95,0.074,-6.146,13.017,5.179,90,5.572,90,9.022,90,1.337,-0.0379891653,1.3749891653
45,,-2.863,0.4,0.72,0.54,0.085,-0.28,8.938,4.981,90,5.175,90,6.935,90,1.896,0.9746753983,0.9213246017
46,,-1.084,0.627,0.72,0.52,0.955,0.308,11.161,3.821,90,3.821,90,3.821,90,0,0.0407712023,-0.0407712023
47,,-0.187,0.524,0.72,0.93,1.444,-4.06,13.074,4.028,90,4.028,90,4.028,90,0,0.0007060514,-0.0007060514
48,,-1.478,0.4,0.64,0.27,1.21,0.401,7.393,3.331,90,3.331,90,3.331,90,0,-0.0034919371,0.0034919371
49,,-2.704,0.2,0.72,1.35,0.162,-13.06,16.597,5.416,90,5.953,90,10.295,90,1.269,0.5755940705,0.6934059295
50,,-1.693,0.201,0.72,0.45,0.995,-3.297,7.823,3.395,90,3.395,90,3.395,90,0,-0.0080851382,0.0080851382
51,,-1.843,0.2,0.72,0.95,0.19,-7.137,12.529,5.335,90,5.416,90,8.671,90,0.206,0.4670193929,-0.2610193929
52,,-2.861,0.4,0.79,0.87,0.298,-7.387,14.417,5.738,90,5.883,90,8.542,90,1.39,0.7228714239,0.6671285761
53,,-1.09,0.394,0.79,0.53,0.915,-1.853,9.588,3.633,90,3.633,90,3.633,90,0,-0.0131463088,0.0131463088
54,,-1.686,1,0.79,0.55,0.87,-0.869,10.403,3.733,90,3.733,90,3.733,90,0,0.2126391473,-0.2126391473
55,,-0.814,-0.43,0.72,0.68,1.034,-3.557,9.846,3.665,90,3.665,90,3.665,90,0,-0.0042524461,0.0042524461
56,,-1.75,0.4,0.72,0.99,1.521,-5.732,15.483,4.262,90,4.262,90,4.262,90,0,0.0003567707,-0.0003567707
57,,-1.826,0.4,0.72,0.89,1.455,-5.367,15.111,4.228,90,4.228,90,4.228,90,0,0.0236084711,-0.0236084711
58,,-2.807,0.2,0.72,1.06,0.293,-8.901,15.081,6.269,54.3,6.269,54.3,6.269,54.3,1.985,0.8491983903,1.1358016097
59,,-1.438,0.4,0.72,0.62,0.928,-2.324,10.615,3.758,90,3.758,90,3.758,90,0,0.0008809397,-0.0008809397
60,,-1.746,0.398,0.72,0.94,1.509,-5.305,15.956,4.305,90,4.305,90,4.305,90,0,-0.0095965684,0.0095965684
61,,-1.495,0.595,0.79,0.53,0.67,2.025,10.236,3.713,90,3.713,90,3.713,90,0,0.2643241729,-0.2643241729
62,,-2.528,0.6,0.79,0.71,0.68,3.531,13.25,4.046,90,4.046,90,4.046,90,0,0.012234094,-0.012234094
63,,-1.476,0.2,0.72,1.11,0.251,-6.526,13.287,5.259,90,5.678,90,8.899,90,0,0.4189111863,-0.4189111863
64,,-1.788,0.401,0.72,0.9,1.487,-5.556,15.251,4.241,90,4.241,90,4.241,90,0,0.0131873595,-0.0131873595
65,,-0.931,0.44,0.72,0.8,1.307,-4.818,13.575,4.079,90,4.079,90,4.079,90,0,0.0611533472,-0.0611533472
66,,-0.674,0.415,0.79,0.63,1.148,-1,11.877,3.901,90,3.901,90,3.901,90,0,-0.0068033328,0.0068033328
67,,-2.333,0,0.72,1.38,0.037,-9.684,16.119,5.479,90,5.683,90,10.354,90,2.424,1.2976504125,1.1263495875
68,,-2.973,0.4,0.72,1.03,0.275,-6.936,14.351,5.725,90,5.85,90,8.571,90,1.388,0.9099149083,0.4780850917
69,,-2.164,0,0.72,0.76,0.208,-5.697,8.948,4.691,90,5.019,90,7.601,90,1.794,0.4476496077,1.3463503923
70,,-1.942,0.4,0.72,0.86,1.354,-4.776,14.426,4.163,90,4.163,90,4.163,90,0,-0.0246957953,0.0246957953
71,,-1.41,0.201,0.72,0.72,1.328,-5.07,10.563,3.752,90,3.752,90,3.752,90,0,-0.020721827,0.020721827
72,,-1.521,1.2,0.79,0.53,0.861,-1.571,10.509,3.746,90,3.746,90,3.746,90,0,-0.0075646973,0.0075646973
73,,-1.616,0.662,0.79,0.65,0.668,3.127,11.929,3.907,90,3.907,90,3.907,90,0,0.0179900859,-0.0179900859
74,,-2.233,0,0.72,1.02,0.242,-10.109,12.446,5.305,90,5.535,90,8.478,90,2.123,1.0415295906,1.0814704094
75,,-2.035,0.693,0.79,0.68,0.527,3.495,12.697,3.989,90,3.989,90,3.989,90,0,0.0154895438,-0.0154895438
76,,-2.912,0.4,0.72,0.98,0.284,-5.876,13.858,5.687,90,5.808,90,8.392,90,1.358,0.5062772879,0.8517227121
77,,-0.965,0.22,0.79,0.48,1.039,-1.428,9.639,3.639,90,3.639,90,3.639,90,0,0.0010121121,-0.0010121121
78,,-0.874,0.505,0.72,0.57,0.976,0.23,11.602,3.871,90,3.871,90,3.871,90,0,-0.0090629097,0.0090629097
79,,-2.075,0.799,0.72,0.91,0.689,3.863,16.596,4.362,90,4.362,90,4.362,90,0,-0.0048261783,0.0048261783
80,,-0.525,0.482,0.79,0.62,1.236,-3.547,11.941,3.908,90,3.908,90,3.908,90,0,-0.0031881674,0.0031881674
81,,-2.941,0.4,0.72,0.97,0.275,-6.807,13.611,5.67,90,5.767,90,8.324,90,1.406,1.1489877299,0.2570122701
82,,-2.888,0.4,0.79,0.85,0.292,-7.01,14.118,5.723,90,5.819,90,8.479,90,1.315,0.4218077708,0.8931922292
83,,-0.467,0.514,0.72,0.67,1.271,-2.191,12.287,3.946,90,3.946,90,3.946,90,0,0.0044236489,-0.0044236489
84,,-2.339,0,0.72,1.52,0.029,-19.751,17.828,5.618,90,5.953,90,10.66,90,2.477,1.6861683811,0.7908316189
85,,-1.253,0.671,0.79,0.63,0.831,1.246,11.78,3.891,90,3.891,90,3.891,90,0,-0.0066723346,0.0066723346
86,,-0.75,0.338,0.79,0.6,1.064,-1.777,11.669,3.878,90,3.878,90,3.878,90,0,-0.0104296701,0.0104296701
87,,-0.941,0.28,0.79,0.62,0.944,-0.311,11.609,3.872,90,3.872,90,3.872,90,0,0.0065534691,-0.0065534691
88,,-1.161,0.693,0.79,0.68,0.944,0.871,13.135,4.035,90,4.035,90,4.035,90,0,0.0004875273,-0.0004875273
89,,-2.069,0.402,0.72,0.75,1.15,-3.636,12.606,3.98,90,3.98,90,3.98,90,0,-0.0084881803,0.0084881803
90,,-2.177,0.6,0.79,0.4,0.596,4.538,8.819,3.533,90,3.533,90,3.533,90,0,0.0996946831,-0.0996946831
91,,-2.955,0.4,0.72,0.96,0.268,-6.477,13.425,5.655,90,5.74,90,8.271,90,1.638,0.830099755,0.807900245
92,,-1.985,0.597,0.79,0.69,0.223,1.47,11.623,5.362,90,5.585,90,7.763,90,0,0.1880362735,-0.1880362735
93,,-2.723,0.2,0.72,1.18,0.158,-9.981,14.899,5.532,90,5.639,90,9.553,90,1.523,0.7703213246,0.7526786754
94,,-2.226,0.727,0.79,0.68,0.509,4.183,12.481,3.966,90,3.966,90,3.966,90,0,0.1670530083,-0.1670530083
95,,-1.58,0.401,0.79,0.76,1.553,-5.874,15.806,4.291,90,4.291,90,4.291,90,0,0.0021225094,-0.0021225094
96,,-1.265,0.668,0.72,0.6,0.816,0.559,11.587,3.869,90,3.869,90,3.869,90,0,0.0004096107,-0.0004096107
97,,-2.2,0.601,0.79,0.94,1.247,-1.902,18.712,4.54,90,4.54,90,4.54,90,0,0.2098532632,-0.2098532632
98,,-2.344,0.6,0.79,0.61,0.569,1.646,11.243,3.831,90,3.831,90,3.831,90,0,0.0150932496,-0.0150932496
99,,-1.566,0.4,0.72,1.2,0.404,-5.31,12.645,5.575,90,5.589,90,8.116,90,0.209,0.0030691586,0.2059308414
100,,-1.875,0.4,0.72,0.96,1.417,-5.136,14.819,4.2,90,4.2,90,4.2,90,0,0.0074302766,-0.0074302766
101,,-2.295,0.601,0.79,0.89,0.901,1.009,15.994,4.308,90,4.308,90,4.308,90,0,0.1879136739,-0.1879136739
102,,-1.888,0.8,0.72,0.64,0.743,0.598,10.683,3.766,90,3.766,90,3.766,90,0,-0.0077298383,0.0077298383
103,,-1.676,0.704,0.79,0.66,0.635,3.456,11.983,3.913,90,3.913,90,3.913,90,0,0.1013986742,-0.1013986742
104,,-1.722,0.4,0.72,0.9,1.529,-5.694,15.792,4.29,90,4.29,90,4.29,90,0,0.007709975,-0.007709975
105,,-2.858,0.2,0.72,0.95,0.22,-7.759,12.678,5.393,90,5.432,90,8.656,90,1.333,0.3302529175,1.0027470825
106,,-0.891,0.403,0.72,0.74,1.27,-4.832,10.64,3.761,90,3.761,90,3.761,90,0,-0.0167212378,0.0167212378
107,,-2.328,0.6,0.79,0.72,0.756,0.821,13.826,4.104,90,4.104,90,4.104,90,0,0.008812267,-0.008812267
108,,-2.396,0.2,0.63,1.12,0.373,-5.02,16.558,5.928,65.7,5.928,65.7,5.928,65.7,0,0.2611211855,-0.2611211855
109,,-1.414,0,0.66,0.75,0.543,-12.443,13.656,5.252,90,6.199,90,8.389,90,0.532,-0.0248061995,0.5568061995
110,,-1.41,0.576,0.66,0.54,1.21,1.043,9.692,3.646,90,3.646,90,3.646,90,0,-0.0208840238,0.0208840238
111,,0.022,0.755,0.66,0.58,1.978,-1.385,11.893,3.903,90,3.903,90,3.903,90,0,-0.0040706616,0.0040706616
112,,0.79,0.66,0.63,0.93,2.746,-11.822,13.324,4.054,90,4.054,90,4.054,90,0,0.0616251381,-0.0616251381
113,,-0.52,0.464,0.66,0.27,1.771,0.235,7.865,3.401,90,3.401,90,3.401,90,0,0.0036178298,-0.0036178298
114,,-2.419,0,0.66,1.35,0.308,-18.683,18.913,6.269,63.9,6.269,63.9,6.269,63.9,1.695,0.8822532206,0.8127467794
115,,-1.232,0.274,0.66,0.45,1.26,0,7.882,3.403,90,3.403,90,3.403,90,0,-0.0149185059,0.0149185059
116,,0.287,0.835,0.66,1.03,2.243,-0.405,15.235,4.239,90,4.239,90,4.239,90,0,0.0104181367,-0.0104181367
117,,-2.37,0,0.66,1,0.393,-13.482,14.438,5.777,62.7,5.777,62.7,5.777,62.7,0.855,0.3350200495,0.5199799505
118,,-1.494,0,0.66,0.95,0.462,-12.523,13.866,5.444,70.4,5.444,70.4,5.444,70.4,1.108,0.1793936295,0.9286063705
119,,-0.331,0.601,0.66,1.01,2.484,-12.106,18.322,4.508,90,4.508,90,4.508,90,0,0.0520167322,-0.0520167322
120,,-0.281,0.363,0.66,0.61,1.676,-2.7,9.707,3.648,90,3.648,90,3.648,90,0,0.0279694308,-0.0279694308
121,,-0.8,1.199,0.66,0.62,1.434,-2.864,10.965,3.799,90,3.799,90,3.799,90,0,0.0053035474,-0.0053035474
122,,-0.03,0.482,0.66,0.54,1.927,-6.148,10.017,3.686,90,3.686,90,3.686,90,0,0.0070789187,-0.0070789187
123,,-0.843,0.602,0.66,0.91,2.1,-9.02,15.386,4.253,90,4.253,90,4.253,90,0,0.0016035995,-0.0016035995
124,,-0.938,0.6,0.66,0.89,2.077,-8.321,14.851,4.203,90,4.203,90,4.203,90,0,0.0093543116,-0.0093543116
125,,-2.538,0,0.66,0.95,0.375,-15.419,15.144,5.838,63.5,5.838,63.5,5.838,63.5,0.928,1.0611309763,-0.1331309763
126,,-0.35,1.592,0.66,0.65,1.651,-2.876,11.042,3.808,90,3.808,90,3.808,90,0,-0.0053134893,0.0053134893
127,,-1.488,0,0.66,0.62,0.542,-2.514,13.458,5.259,76.2,5.259,76.2,5.259,76.2,0,-0.0285097858,0.0285097858
128,,-0.735,0.598,0.66,0.94,2.244,-9.774,15.992,4.308,90,4.308,90,4.308,90,0,0.0041974209,-0.0041974209
129,,-0.359,0.762,0.66,0.53,1.598,0.254,10.859,3.787,90,3.787,90,3.787,90,0,0.0015057871,-0.0015057871
130,,-1.464,0.8,0.66,0.71,1.492,-2.673,13.415,4.063,90,4.063,90,4.063,90,0,0.0062273804,-0.0062273804
131,,0.912,0.661,0.66,1.02,2.868,-14.081,14.263,4.147,90,4.147,90,4.147,90,0,-0.134080384,0.134080384
132,,-0.892,0.601,0.66,0.9,2.063,-8.659,15.104,4.227,90,4.227,90,4.227,90,0,0.0239484456,-0.0239484456
133,,-1.486,0,0.66,0.8,0.47,-7.887,14.255,5.494,70.4,5.494,70.4,5.494,70.4,0,0.2190972333,-0.2190972333
134,,0.335,0.571,0.66,0.68,2.291,-6.691,12.082,3.924,90,3.924,90,3.924,90,0,-0.0108325259,0.0108325259
135,,-2.125,0,0.63,1.38,0.247,-11.031,17.2,5.315,90,6.346,90,10.199,90,0,0.6884545989,-0.6884545989
136,,-0.466,0.6,0.66,1.03,2.458,-11.681,17.849,4.469,90,4.469,90,4.469,90,0,0.0386154234,-0.0386154234
137,,-2.139,0.07,0.63,0.76,0.268,-5.097,9.376,4.763,90,5.057,90,7.786,90,0,-0.0146048274,0.0146048274
138,,-1.076,0.6,0.66,0.86,1.952,-7.232,14.129,4.134,90,4.134,90,4.134,90,0,0.0089141801,-0.0089141801
139,,-0.859,0.387,0.66,0.72,1.696,-4.827,10.061,3.692,90,3.692,90,3.692,90,0,-0.0042356226,0.0042356226
140,,-0.567,1.4,0.66,0.65,1.642,-5.286,10.998,3.803,90,3.803,90,3.803,90,0,-0.0030456975,0.0030456975
141,,-0.494,0.798,0.66,0.69,1.463,-2.432,12.221,3.939,90,3.939,90,3.939,90,0,0.001002566,-0.001002566
142,,-2.028,0.005,0.63,1.02,0.352,-14.529,13.044,5.444,90,5.75,90,8.334,90,0,0.1448006253,-0.1448006253
143,,-0.916,0.837,0.66,0.72,1.392,-0.106,12.956,4.016,90,4.016,90,4.016,90,0,0.0080890881,-0.0080890881
144,,-0.471,0.599,0.66,0.98,2.453,-11.381,17.431,4.434,90,4.434,90,4.434,90,0,-9.10326517018703E-05,9.10326517018703E-05
145,,-0.224,0.779,0.66,0.69,1.732,-3.922,9.906,3.673,90,3.673,90,3.673,90,0,-0.001954581,0.001954581
146,,-0.93,-0.434,0.63,0.86,1.949,-6.591,15.885,4.298,90,4.298,90,4.298,90,0,-0.0013694662,0.0013694662
147,,0.196,0.547,0.63,0.57,2.153,-6.024,11.924,3.907,90,3.907,90,3.907,90,0,-0.0025105338,0.0025105338
148,,-1.054,0.993,0.63,0.91,1.458,2.071,16.736,4.374,90,4.374,90,4.374,90,0,-0.1062100513,0.1062100513
149,,0.378,0.579,0.66,0.86,2.334,-5.756,12.139,3.93,90,3.93,90,3.93,90,0,-0.010770671,0.010770671
150,,-0.547,0.6,0.63,0.97,2.271,-10.954,17.013,4.398,90,4.398,90,4.398,90,0,-0.1312996958,0.1312996958
151,,-0.405,0.6,0.66,0.99,2.451,-11.743,17.833,4.468,90,4.468,90,4.468,90,0,0.0398407138,-0.0398407138
152,,0.501,0.627,0.63,0.67,2.458,-7.643,12.59,3.978,90,3.978,90,3.978,90,0,-0.0067786761,0.0067786761
153,,-0.394,0.739,0.63,0.83,2.402,-12.844,15.952,4.305,90,4.305,90,4.305,90,0,-0.0663835658,0.0663835658
154,,-2.138,0,0.63,1.52,0.238,-5.054,18.834,5.34,90,6.542,90,10.783,90,0,0.5445370957,-0.5445370957
155,,-0.123,0.792,0.66,0.63,1.833,-4.812,12.096,3.925,90,3.925,90,3.925,90,0,0.0069628418,-0.0069628418
156,,0.182,0.528,0.66,0.67,2.139,-5.188,11.783,3.891,90,3.891,90,3.891,90,0,-0.0019836068,0.0019836068
157,,0.059,0.446,0.66,0.68,2.015,-4.789,11.738,3.886,90,3.886,90,3.886,90,0,0.0035883181,-0.0035883181
158,,-0.034,0.869,0.63,0.68,1.923,-4.124,13.594,4.081,90,4.081,90,4.081,90,0,4.27444568358426E-05,-4.27444568358426E-05
159,,-1.236,0.599,0.66,0.75,1.647,-5.206,12.422,3.96,90,3.96,90,3.96,90,0,0.0040070357,-0.0040070357
160,,-0.9,0.751,0.66,0.4,1.598,1.663,9.471,3.618,90,3.618,90,3.618,90,0,-0.0157391026,0.0157391026
161,,-0.595,0.599,0.66,0.96,2.235,-10.65,16.731,4.374,90,4.374,90,4.374,90,0,0.0094773978,-0.0094773978
162,,-1.618,0,0.66,0.69,0.339,0.587,12.066,5.535,90,6.462,90,6.748,90,0,-0.0299944107,0.0299944107
163,,-2.413,0,0.66,1.18,0.332,-16.873,16.614,6.037,63.1,6.037,63.1,6.037,63.1,1.361,0.545598303,0.815401697
164,,-1.092,0.874,0.66,0.72,1.425,0.735,12.773,3.997,90,3.997,90,3.997,90,0,0.0099375529,-0.0099375529
165,,-0.659,0.599,0.66,0.92,2.1,-9.392,15.686,4.28,90,4.28,90,4.28,90,0,0.0055839379,-0.0055839379
166,,-0.179,0.774,0.63,0.6,1.777,-4.149,11.823,3.896,90,3.896,90,3.896,90,0,-0.0069314462,0.0069314462
167,,0.252,0.847,0.63,0.77,2.208,-5.396,14.453,4.165,90,4.165,90,4.165,90,0,-0.0125833519,0.0125833519
168,,-1.155,0.8,0.63,0.94,2.04,-0.322,18.641,4.534,90,4.534,90,4.534,90,0,-0.0283836586,0.0283836586
169,,-1.268,0.719,0.66,0.61,1.33,-3.038,11.466,3.856,90,3.856,90,3.856,90,0,-0.0041604114,0.0041604114
170,,-1.74,-0.001,0.66,0.89,0.217,-13.345,18.012,5.342,90,6.559,90,10.281,90,0,-0.5787784459,0.5787784459
171,,-0.997,0.6,0.66,0.88,1.949,-7.907,14.566,4.176,90,4.176,90,4.176,90,0,0.0073612339,-0.0073612339
172,,-1.234,1.184,0.66,1.03,1.711,1.857,16.159,4.323,90,4.323,90,4.323,90,0,0.0001542191,-0.0001542191
173,,-0.867,1,0.66,0.64,1.445,-3.895,11.122,3.817,90,3.817,90,3.817,90,0,0.0232663464,-0.0232663464
174,,-0.532,0.835,0.66,0.66,1.427,-2.362,12.289,3.946,90,3.946,90,3.946,90,0,0.0042165143,-0.0042165143
175,,-0.818,0.599,0.66,0.9,2.149,-9.024,15.402,4.255,90,4.255,90,4.255,90,0,-0.000116486,0.000116486
176,,-2.5,0.001,0.66,0.87,0.234,-13.326,14.644,5.95,59.3,5.95,59.3,5.95,59.3,0.685,1.080232689,-0.395232689
177,,-0.138,0.488,0.66,0.74,1.833,-6.731,10.775,3.777,90,3.777,90,3.777,90,0,-0.0104546186,0.0104546186
178,,-1.272,0.8,0.66,0.72,1.561,-4.009,13.954,4.117,90,4.117,90,4.117,90,0,-0.0022239306,0.0022239306
179,,-2.181,0,1.08,1.12,1.513,0.977,20.264,4.662,90,4.662,90,4.662,90,0,0.1328183259,-0.1328183259
180,,-1.43,0,1.08,0.75,0.587,-0.506,13.023,4.023,90,4.023,90,4.023,90,0,0.0202240469,-0.0202240469
181,,-3.56,0,1.08,0.54,-0.023,6.272,10.255,5.188,90,5.347,90,7.394,90,5.872,6.0194762603,-0.1474762603
182,,-1.911,0,1.08,0.58,0.751,2.181,12.728,3.992,90,3.992,90,3.992,90,0,-0.0213218157,0.0213218157
183,,-1.294,0,1.08,0.93,0.751,-0.579,13.772,4.099,90,4.099,90,4.099,90,0,0.0007740183,-0.0007740183
184,,-2.487,0,1.08,0.27,0.88,5.345,8.307,3.463,90,3.463,90,3.463,90,2.953,3.0333489152,-0.0803489152
185,,-2.811,0.2,1.08,1.35,0.275,-7.335,18.577,6.515,90,6.787,90,8.403,90,0.709,0.5973941707,0.1116058293
186,,-2.772,0.031,1.08,0.45,0.318,-0.98,9.598,3.316,90,3.316,90,4.365,90,0,-0.099513225,0.099513225
187,,-1.539,0,1.08,1.03,1.102,0.981,16.599,4.362,90,4.362,90,4.362,90,0,-0.0149828003,0.0149828003
188,,-2.145,0.193,1.08,1,1.05,-2.872,13.719,4.093,90,4.093,90,4.093,90,0,0.0074883081,-0.0074883081
189,,-1.598,0,1.08,0.95,0.8,-1.002,13.719,4.093,90,4.093,90,4.093,90,0,0.0050969803,-0.0050969803
190,,-2.323,0,1.08,1.01,1.342,-2.979,18.662,4.536,90,4.536,90,4.536,90,0.389,0.1654899377,0.2235100623
191,,-3.178,0.6,1.08,0.62,-0.033,4.248,11.195,5.281,90,5.578,90,7.6,90,2.6,2.4327274214,0.1672725786
192,,-2.259,0,1.08,0.54,0.048,0.702,11.081,5.237,90,5.899,90,7.174,90,0.374,-0.1130252162,0.4870252162
193,,-2.911,0,1.08,0.91,0.918,1.026,15.491,4.263,90,4.263,90,4.263,90,1.445,1.3923834018,0.0526165982
194,,-3.01,0,1.08,0.89,0.842,1.808,15.017,4.219,90,4.219,90,4.219,90,1.895,1.6638263739,0.2311736261
195,,-2.141,0.107,1.08,0.95,1.122,-2.293,15.424,4.256,90,4.256,90,4.256,90,0,0.0226545068,-0.0226545068
196,,-2.758,1,1.08,0.65,-0.029,3.19,11.329,5.298,90,5.607,90,7.627,90,1.153,1.238972208,-0.085972208
197,,-2.946,0,1.08,0.62,0.024,4.486,11.113,5.277,90,5.565,90,7.569,90,4.139,3.8109199677,0.3280800323
198,,-2.798,0,1.08,0.94,1.002,0.203,16.091,4.317,90,4.317,90,4.317,90,1.371,1.3190710542,0.0519289458
199,,-2.218,0,1.08,0.63,0.604,2.86,11.598,3.871,90,3.871,90,3.871,90,0,0.0302877239,-0.0302877239
200,,-3.428,0.001,1.08,0.71,0.204,4.711,12.477,5.464,90,6.051,90,7.548,90,0,-0.2217282815,0.2217282815
201,,-1.182,0,1.08,1.11,0.904,-0.9,14.72,4.191,90,4.191,90,4.191,90,0,-0.0417920552,0.0417920552
202,,-2.963,0,1.08,0.9,0.878,1.406,15.248,4.24,90,4.24,90,4.24,90,1.662,1.7787508692,-0.1167508692
203,,-1.644,0,1.08,0.57,0.739,-0.776,12.365,3.954,90,3.954,90,3.954,90,0,-0.0024096229,0.0024096229
204,,-2.033,0.4,1.08,1.38,0.458,-3.846,18.007,5.958,90,5.981,90,10.106,90,0,-0.0024647058,0.0024647058
205,,-2.446,0,1.08,1.03,1.315,-2.941,18.419,4.516,90,4.516,90,4.516,90,0.387,0.2395733085,0.1474266915
206,,-2.256,0.4,1.08,0.76,0.33,-1.332,10.476,5.023,90,5.772,90,7.226,90,0,0.0117059372,-0.0117059372
207,,-3.151,0,1.08,0.86,0.734,2.879,14.331,4.154,90,4.154,90,4.154,90,2.052,1.9433381868,0.1086618132
208,,-2.902,0.201,1.08,0.72,0.189,-1.468,11.506,5.423,90,5.757,90,7.371,90,0,-0.1265718531,0.1265718531
209,,-2.936,0.8,1.08,0.65,0.023,3.468,11.38,5.293,90,5.739,90,7.493,90,0.379,0.4682054941,-0.0892054941
210,,-2.285,0.006,1.08,0.69,0.618,1.87,12.384,3.956,90,3.956,90,3.956,90,0,0.0006562478,-0.0006562478
211,,-1.435,0.4,1.08,1.02,1.056,-2.758,12.107,3.927,90,3.927,90,3.927,90,0,-0.0101471063,0.0101471063
212,,-2.615,0,1.08,0.64,0.577,3.287,13.062,4.027,90,4.027,90,4.027,90,0,0.3078317774,-0.3078317774
213,,-2.502,0,1.08,0.98,1.212,-1.797,17.67,4.454,90,4.454,90,4.454,90,0.825,0.6090759718,0.2159240282
214,,-2.381,0.2,1.08,0.6,0.02,1.035,10.601,5.182,90,5.523,90,7.409,90,0,0.0437355349,-0.0437355349
215,,-1.692,0.003,1.08,0.57,0.735,0.219,12.206,3.937,90,3.937,90,3.937,90,0,-0.0067111606,0.0067111606
216,,-2.407,0.334,1.08,0.91,0.892,3.01,17.775,4.463,90,4.463,90,4.463,90,0,-0.0554149849,0.0554149849
217,,-1.714,0,1.08,0.75,0.515,-0.022,12.383,3.956,90,3.956,90,3.956,90,0,0.0526609447,-0.0526609447
218,,-2.591,0,1.08,0.97,1.151,-1.227,17.189,4.413,90,4.413,90,4.413,90,1.032,0.6501228425,0.3818771575
219,,-2.419,0,1.08,0.99,1.273,-2.36,18.136,4.493,90,4.493,90,4.493,90,0.619,0.2158097562,0.4031902438
220,,-1.554,0,1.08,0.67,0.698,-0.437,12.95,4.016,90,4.016,90,4.016,90,0,-0.0368361763,0.0368361763
221,,-2.648,0.954,1.08,0.83,1.072,-0.207,16.64,4.366,90,4.366,90,4.366,90,0,0.0819350662,-0.0819350662
222,,-2.135,0,1.08,1.52,0.338,-8.123,18.335,6.164,90,6.253,90,9.515,90,1.451,1.2579973797,0.1930026203
223,,-1.911,0.161,1.08,0.58,0.761,0.414,12.3,3.947,90,3.947,90,3.947,90,0,-0.0115016543,0.0115016543
224,,-1.848,0,1.08,0.67,0.523,-0.064,12.035,3.919,90,3.919,90,3.919,90,0,0.0469044364,-0.0469044364
225,,-1.904,0.137,1.08,0.57,0.57,0.774,12.018,3.917,90,3.917,90,3.917,90,0,-0.0434691349,0.0434691349
226,,-1.756,0,1.08,0.76,0.965,1.154,14.858,4.204,90,4.204,90,4.204,90,0,0.0627417149,-0.0627417149
227,,-3.781,0,1.08,0.75,0.027,5.013,12.271,5.43,90,5.721,90,7.901,90,4.661,4.7944755832,-0.1334755832
228,,-2.643,0,1.08,0.4,0.718,4.666,10.014,3.686,90,3.686,90,3.686,90,0,0.1232872075,-0.1232872075
229,,-2.647,0,1.08,0.96,1.108,-0.803,16.879,4.386,90,4.386,90,4.386,90,1.24,0.7775093047,0.4624906953
230,,-2.029,0.002,1.08,0.69,0.804,2.368,13.8,4.102,90,4.102,90,4.102,90,0,0.0268365843,-0.0268365843
231,,-2.882,0.2,1.08,1.18,0.259,-3.605,16.643,5.812,90,5.853,90,9.786,90,0,-0.0266940375,0.0266940375
232,,-2.696,0.001,1.08,0.64,0.609,3.345,12.848,4.005,90,4.005,90,4.005,90,0,-0.1045268338,0.1045268338
233,,-2.726,0,1.08,0.92,0.958,0.631,15.798,4.291,90,4.291,90,4.291,90,1.658,1.1971735511,0.4608264489
234,,-2.083,0.321,1.08,0.6,0.587,1.315,12.18,3.934,90,3.934,90,3.934,90,0,-0.0568151433,0.0568151433
235,,-1.446,0.01,1.08,0.77,1.093,1.033,15.173,4.233,90,4.233,90,4.233,90,0,0.0313121157,-0.0313121157
236,,-2.801,0.152,1.08,0.94,1.011,2.387,18.885,4.554,90,4.554,90,4.554,90,0,0.1535427046,-0.1535427046
237,,-3.44,0.2,1.08,0.67,0.039,4.77,11.518,5.309,90,5.676,90,7.645,90,0,0.1218223832,-0.1218223832
238,,-2.265,0,1.08,0.89,0.108,0.61,14.133,5.576,90,5.93,90,8.549,90,1.097,1.1319280546,-0.0349280546
239,,-3.07,0,1.08,0.88,0.8,2.191,14.729,4.192,90,4.192,90,4.192,90,1.869,1.9487326975,-0.0797326975
240,,-2.59,0.566,1.08,0.76,1.033,2.281,16.738,4.374,90,4.374,90,4.374,90,0,-0.030080725,0.030080725
241,,-3.25,0.4,1.08,0.64,-0.031,3.984,11.521,5.313,90,5.703,90,7.605,90,1.489,1.4020260399,0.0869739601
242,,-2.211,0.001,1.08,0.62,0.757,1.435,12.44,3.962,90,3.962,90,3.962,90,0,0.0148309204,-0.0148309204
243,,-2.888,0,1.08,0.9,0.92,1.075,15.51,4.264,90,4.264,90,4.264,90,1.751,1.5400324173,0.2109675827
244,,-2.389,-0.158,1.08,0.87,0.919,-1.872,13.809,4.102,90,4.102,90,4.102,90,0,-0.0753695482,0.0753695482
245,,-2.423,0,1.08,0.74,0.14,-0.209,11.326,5.255,90,5.777,90,7.461,90,0,-0.005239921,0.005239921
246,,-2.982,0,1.08,0.72,0.567,4.354,14.046,4.126,90,4.126,90,4.126,90,0,-0.1591658425,0.1591658425
247,,-2.392,0.071,1.04,1.12,0.801,-1.242,19.318,4.588,90,4.588,90,4.588,90,0,-0.0210158777,0.0210158777
248,,-2.379,0.2,1.14,0.87,0.784,-1.777,18.026,4.484,90,4.484,90,4.484,90,0,0.0462673545,-0.0462673545
249,,-2.789,0.4,1.04,0.62,-0.024,1.718,10.367,5.191,90,5.406,90,7.389,90,0.578,0.9135028713,-0.3355028713
250,,-2.759,0.199,1.04,0.91,0.569,-1.456,15.427,4.257,90,4.257,90,4.257,90,0,0.0838047015,-0.0838047015
251,,-2.823,0.2,1.04,0.89,0.529,-1.373,14.966,4.214,90,4.214,90,4.214,90,0,0.1938428132,-0.1938428132
252,,-2.033,0.001,1.04,0.95,0.728,-1.672,14.521,4.172,90,4.172,90,4.172,90,0,-0.0706988179,0.0706988179
253,,-2.384,0.799,1.04,0.65,-0.123,1.336,10.36,5.221,90,5.341,90,7.429,90,0,0.0732167921,-0.0732167921
254,,-2.686,0.2,1.04,0.94,0.614,-1.511,15.92,4.302,90,4.302,90,4.302,90,0,0.099660595,-0.099660595
255,,-3.816,0,1.14,0.71,-0.109,6.42,12.29,5.481,90,5.69,90,7.881,90,4.701,4.7275224691,-0.0265224691
256,,-2.792,0.2,1.04,0.9,0.548,-1.429,15.159,4.232,90,4.232,90,4.232,90,0,0.1921560983,-0.1921560983
257,,-2.106,0.048,1.14,0.63,-0.064,0.609,11.119,5.168,90,5.7,90,7.55,90,0,-0.0845241938,0.0845241938
258,,-2.533,0.189,1.04,1.03,0.727,-1.381,17.574,4.446,90,4.446,90,4.446,90,0,0.0517547738,-0.0517547738
259,,-3.244,0.2,1.04,0.86,0.14,-1.221,13.155,5.745,90,5.968,90,7.674,90,0,0.3055846256,-0.3055846256
260,,-2.61,0.6,1.14,0.53,-0.078,1.429,10.224,5.193,90,5.322,90,7.398,90,0.7,0.500628542,0.199371458
261,,-2.758,0.072,1.14,0.65,-0.062,4.233,11.478,5.329,90,5.605,90,7.685,90,0,1.0383638891,-1.0383638891
262,,-3.157,0.003,1.14,0.68,-0.122,5.047,12.034,5.432,90,5.661,90,7.826,90,0,0.3721534905,-0.3721534905
263,,-2.492,0.2,1.04,0.98,0.785,-1.651,17.07,4.403,90,4.403,90,4.403,90,0,-0.014645683,0.014645683
264,,-1.873,0,1.04,0.6,0.027,-0.017,9.982,5.126,90,5.319,90,7.323,90,0,0.0564626994,-0.0564626994
265,,-2.937,0.6,1.04,0.86,0.693,3.523,16.614,4.363,90,4.363,90,4.363,90,0,0.3305791101,-0.3305791101
266,,-2.188,0.167,1.04,0.57,-0.088,1.732,11.096,5.182,90,5.655,90,7.574,90,0,-0.4050105345,0.4050105345
267,,-3.308,0.2,1.04,0.91,-0.045,5.2,15.125,5.85,90,6.086,90,8.497,90,2.527,1.6384459239,0.8885540761
268,,-2.549,0.2,1.04,0.97,0.693,-1.616,16.645,4.366,90,4.366,90,4.366,90,0,0.15723666,-0.15723666
269,,-2.441,0.2,1.14,0.85,0.751,-1.717,17.502,4.44,90,4.44,90,4.44,90,0,0.0727426726,-0.0727426726
270,,-1.98,0.001,1.04,0.67,-0.133,-0.622,11.319,5.227,90,5.704,90,7.593,90,0.932,0.2498734396,0.6821265604
271,,-3.469,0.8,1.04,0.83,-0.107,2.783,14.265,5.729,90,5.981,90,8.327,90,1.952,1.9881637155,-0.0361637155
272,,-2.419,-0.007,1.14,0.63,0.009,2.418,11.283,5.266,90,5.624,90,7.62,90,0,0.1815836399,-0.1815836399
273,,-2.246,0.346,1.14,0.62,-0.083,2.043,11.06,5.232,90,5.586,90,7.569,90,0,-0.1290915,0.1290915
274,,-3.209,0.2,1.04,0.75,0.098,-1.039,12.182,5.524,90,5.757,90,7.662,90,0,0.2109382957,-0.2109382957
275,,-2.583,0.2,1.04,0.96,0.671,-1.644,16.464,4.35,90,4.35,90,4.35,90,0,-0.0261936314,0.0261936314
276,,-3.249,0.002,1.14,0.68,-0.086,5.258,11.895,5.41,90,5.639,90,7.798,90,0,0.8495370185,-0.8495370185
277,,-2.593,0.2,1.14,0.76,0.591,-1.472,15.695,4.281,90,4.281,90,4.281,90,0,0.0957882295,-0.0957882295
278,,-2.501,0.326,1.04,0.6,-0.077,2.947,11.202,5.261,90,5.592,90,7.615,90,0,-0.0181306553,0.0181306553
279,,-3.229,0,1.14,0.94,0.716,4.825,18.729,4.541,90,4.541,90,4.541,90,1.129,1.9046454754,-0.7756454754
280,,-3.528,0,1.14,0.61,-0.128,5.064,10.921,5.298,90,5.449,90,7.566,90,2.364,4.3614426053,-1.9974426053
281,,-2.866,0.2,1.04,0.88,0.503,-1.312,14.722,4.191,90,4.191,90,4.191,90,0,-0.226569029,0.226569029
282,,-3.007,0.346,1.14,0.89,0.688,4.677,16.839,4.383,90,4.383,90,4.383,90,0,0.5053915623,-0.5053915623
283,,-3.073,0.2,1.14,0.58,0.005,3.823,10.585,5.228,90,5.407,90,7.49,90,0.346,1.2140114287,-0.8680114287
284,,-2.734,0.042,1.14,0.66,-0.024,4.04,11.555,5.326,90,5.633,90,7.703,90,0,1.0379783178,-1.0379783178
285,,-2.719,0.2,1.04,0.9,0.588,-1.615,15.535,4.267,90,4.267,90,4.267,90,0,0.1166571449,-0.1166571449
286,,-3.661,0,1.14,0.72,-0.078,5.935,12.652,5.525,90,5.756,90,7.958,90,4.217,4.115806104,0.101193896
287,,-2.28,0.2,0.9,1.12,0.17,-3.996,15.115,5.779,90,6.011,90,8.703,90,0,1.0453989633,-1.0453989633
288,,-2.228,0.2,0.9,0.87,0.192,-4.988,14.337,5.515,90,5.978,90,8.697,90,0.626,0.6414431737,-0.0154431737
289,,-0.659,0.501,0.9,0.53,0.627,-1.336,9.843,3.665,90,3.665,90,3.665,90,0,-0.0026085692,0.0026085692
290,,-1.335,0.398,0.9,0.55,0.618,-0.105,10.405,3.733,90,3.733,90,3.733,90,0,-0.0079377526,0.0079377526
291,,-1.47,-0.219,0.9,0.99,1.115,-3.959,15.601,4.273,90,4.273,90,4.273,90,0,0.0076016461,-0.0076016461
292,,-1.53,-0.214,0.9,0.89,1.078,-3.753,15.258,4.241,90,4.241,90,4.241,90,0,-0.0150490881,0.0150490881
293,,-1.942,0,0.9,1.06,0.076,-6.161,12.944,5.884,90,6.038,90,7.287,90,2.185,1.4046856958,0.7803143042
294,,-0.97,0.798,0.9,0.59,0.562,-0.75,10.281,3.718,90,3.718,90,3.718,90,0,-0.0180273,0.0180273
295,,-1.406,-0.225,0.9,0.94,1.15,-4.185,16.173,4.324,90,4.324,90,4.324,90,0,-0.0030984436,0.0030984436
296,,-2.279,0,0.9,0.71,0.684,0.175,13.271,4.048,90,4.048,90,4.048,90,0,0.3055295316,-0.3055295316
297,,-1.483,-0.005,0.9,0.9,1.114,-4.043,15.4,4.254,90,4.254,90,4.254,90,0,-0.0050744138,0.0050744138
298,,-0.536,0.037,0.9,0.63,0.762,0.436,11.674,3.879,90,3.879,90,3.879,90,0,0.0107400058,-0.0107400058
299,,-2.333,0.2,0.9,1.03,0.183,-4.393,14.238,5.439,90,5.977,90,8.759,90,0.656,0.5563600054,0.0996399946
300,,-1.622,-0.207,0.9,0.86,1.019,-3.418,14.623,4.182,90,4.182,90,4.182,90,0,-0.0201751931,0.0201751931
301,,-1.171,0.632,0.9,0.53,0.539,-0.703,10.19,3.707,90,3.707,90,3.707,90,0,0.0063718253,-0.0063718253
302,,-1.746,0.4,0.9,0.65,0.221,3.816,10.706,5.262,90,5.266,90,7.728,90,0,0.1671434937,-0.1671434937
303,,-2.275,0.2,0.9,0.98,0.258,-4.769,13.873,5.458,90,5.847,90,8.694,90,0.509,0.5597952614,-0.0507952614
304,,-0.484,-0.004,0.9,0.48,0.673,-1.995,9.823,3.662,90,3.662,90,3.662,90,0,0.1794735969,-0.1794735969
305,,-1.999,0.391,0.9,0.86,0.887,-0.126,15.615,4.274,90,4.274,90,4.274,90,0,-0.0302708903,0.0302708903
306,,-0.793,0.027,0.9,0.57,0.563,3.067,11.573,3.868,90,3.868,90,3.868,90,0,0.0031922659,-0.0031922659
307,,-2.497,0.2,0.9,0.91,0.021,3.359,14.663,6.136,55.6,6.136,55.6,6.136,55.6,1.523,1.5724647029,-0.0494647029
308,,-2.262,0.2,0.9,0.97,0.236,-4.559,13.211,5.494,90,5.734,90,8.386,90,0,0.7603296402,-0.7603296402
309,,-2.255,0.2,0.9,0.85,0.193,-4.902,14.103,5.493,90,5.873,90,8.743,90,0.655,0.6728433467,-0.0178433467
310,,-0.273,0.087,0.9,0.67,0.831,-0.921,12.099,3.926,90,3.926,90,3.926,90,0,-0.0025411985,0.0025411985
311,,-1.827,0.685,0.9,0.83,0.789,-0.617,15.805,4.291,90,4.291,90,4.291,90,0,0.024378497,-0.024378497
312,,-1.439,0,0.9,0.63,0.245,3.253,10.38,5.145,63.5,5.145,63.5,5.145,63.5,0,-0.0292204964,0.0292204964
313,,-0.519,0.258,0.9,0.6,0.763,-0.397,11.576,3.868,90,3.868,90,3.868,90,0,0.0278632126,-0.0278632126
314,,-0.768,0.159,0.9,0.62,0.651,1.194,11.438,3.853,90,3.853,90,3.853,90,0,0.0068152894,-0.0068152894
315,,-1.679,0.001,0.9,0.75,0.884,-2.964,12.907,4.011,90,4.011,90,4.011,90,0,-0.0306979728,0.0306979728
316,,-2.311,0.2,0.9,0.96,0.199,-4.454,13.484,5.451,90,5.759,90,8.59,90,0.543,0.6241612356,-0.0811612356
317,,-1.307,-0.215,0.9,0.76,1.133,-4.079,15.858,4.296,90,4.296,90,4.296,90,0,-0.0057822058,0.0057822058
318,,-1.145,-0.001,0.9,0.6,0.535,2.693,11.524,3.862,90,3.862,90,3.862,90,0,-0.0252348195,0.0252348195
319,,-2.064,-0.105,0.9,0.94,1.138,-2.511,18.388,4.513,90,4.513,90,4.513,90,0,0.0816835261,-0.0816835261
320,,-2.074,0,0.9,0.61,0.542,1.342,11.208,3.827,90,3.827,90,3.827,90,0,0.1670358505,-0.1670358505
321,,-1.554,0.005,0.9,0.96,1.071,-3.788,14.955,4.213,90,4.213,90,4.213,90,0,-0.0072656333,0.0072656333
322,,-2.342,0.114,0.9,0.89,0.609,1.935,15.963,4.306,90,4.306,90,4.306,90,0,0.125965113,-0.125965113
323,,-1.646,-0.164,0.9,0.58,0.515,1.518,10.546,3.75,90,3.75,90,3.75,90,0,0.0747648439,-0.0747648439
324,,-1.731,0.003,0.9,0.66,0.24,4.632,10.608,5.18,63.6,5.18,63.6,5.18,63.6,0,0.0561644466,-0.0561644466
325,,-1.436,0.216,0.9,0.9,1.128,-4.032,15.857,4.296,90,4.296,90,4.296,90,0,0.0064797922,-0.0064797922
326,,-2.084,0.001,0.9,0.72,0.756,-0.544,13.86,4.108,90,4.108,90,4.108,90,0,0.0457722745,-0.0457722745
327,,-3.152,0,0.89,1.12,0.282,-2.736,16.054,6.077,90,6.412,90,8.241,90,0,1.1693247835,-1.1693247835
328,,-2.119,0,0.89,0.95,0.167,-2.152,12.831,5.175,90,5.471,90,9.063,90,0,0.4185891544,-0.4185891544
329,,-2.998,0.199,0.89,0.54,0.302,5.22,9.959,5.16,90,5.36,90,7.202,90,0,0.7273560939,-0.7273560939
330,,-1.202,0.267,0.89,0.58,1.46,0.094,12.281,3.945,90,3.945,90,3.945,90,0,0.0195228526,-0.0195228526
331,,-0.533,0.164,0.89,0.93,1.741,-3.832,13.488,4.07,90,4.07,90,4.07,90,0,-0.0050735421,0.0050735421
332,,-1.921,0,0.89,0.27,1.162,4.306,7.996,3.419,90,3.419,90,3.419,90,0,0.3492404307,-0.3492404307
333,,-3.166,0,0.89,1.35,0.311,-3.113,18.714,6.082,90,6.18,90,9.958,90,3.438,1.9116512089,1.5263487911
334,,-2.706,0,0.89,0.45,0.661,3.63,8.145,3.44,90,3.44,90,3.44,90,0.944,0.8016432427,0.1423567573
335,,-0.845,0.341,0.89,0.76,1.826,-1.949,16.103,4.318,90,4.318,90,4.318,90,0,0.0025814896,-0.0025814896
336,,-0.876,0.021,0.89,0.95,1.798,-5.809,13.548,4.076,90,4.076,90,4.076,90,0,0.0016005968,-0.0016005968
337,,-3.118,0,0.89,0.94,0.333,-8.487,14.898,6.08,90,6.21,90,7.892,90,0,1.0290322959,-1.0290322959
338,,-1.774,-0.116,0.89,0.61,0.903,1.235,9.764,3.655,90,3.655,90,3.655,90,0,0.084154232,-0.084154232
339,,-2.191,0.502,0.89,0.49,0.816,2.431,10.805,3.78,90,3.78,90,3.78,90,0,-0.0281321449,0.0281321449
340,,0.323,0.313,0.89,1.67,3.033,-8.142,18.113,4.491,90,4.491,90,4.491,90,0,0.023846719,-0.023846719
341,,-1.531,0,0.89,0.54,0.971,-0.039,10.115,3.698,90,3.698,90,3.698,90,0,-0.0064094693,0.0064094693
342,,-2.15,0.2,0.89,0.99,1.419,-4.93,15.28,4.243,90,4.243,90,4.243,90,0,0.0678353127,-0.0678353127
343,,-2.252,0.199,0.89,0.89,1.34,-4.042,14.777,4.196,90,4.196,90,4.196,90,0,0.0646934712,-0.0646934712
344,,-3.408,0,0.89,1.06,0.283,-9.478,14.504,5.803,90,5.904,90,8.466,90,3.534,2.1270420241,1.4069579759
345,,-1.766,0.866,0.89,0.65,1.022,1.3,10.898,3.791,90,3.791,90,3.791,90,0,0.0230852201,-0.0230852201
346,,-1.978,0.008,0.89,0.62,0.902,2.65,10.708,3.769,90,3.769,90,3.769,90,0,0.3884038267,-0.3884038267
347,,-2.034,0.199,0.89,0.94,1.507,-5.804,15.882,4.298,90,4.298,90,4.298,90,0,-0.0121656359,0.0121656359
348,,-1.553,0.272,0.89,0.53,1.206,1.155,11.129,3.818,90,3.818,90,3.818,90,0,0.0093118594,-0.0093118594
349,,-2.568,0.389,0.89,0.71,0.844,3.708,13.396,4.061,90,4.061,90,4.061,90,0,-0.0393057996,0.0393057996
350,,-0.404,0.186,0.89,1.11,1.957,-3.61,14.463,4.166,90,4.166,90,4.166,90,0,0.0263469932,-0.0263469932
351,,-2.203,0.2,0.89,0.9,1.378,-3.165,15.018,4.219,90,4.219,90,4.219,90,0,0.0581439574,-0.0581439574
352,,-0.972,0.01,0.89,0.57,1.527,-2.228,12.049,3.92,90,3.92,90,3.92,90,0,0.0054625237,-0.0054625237
353,,-2.492,0.2,0.89,1.38,0.267,-11.897,16.137,6.463,90,6.889,90,7.249,90,1.041,1.4801463382,-0.4391463382
354,,-3.197,0,0.89,1.03,0.356,-8.803,14.87,6.013,90,6.179,90,8.004,90,0,0.7325024885,-0.7325024885
355,,-1.965,0.2,0.89,0.76,0.89,-2.664,8.605,3.504,90,3.504,90,3.504,90,0,-0.0166903884,0.0166903884
356,,-2.399,0.193,0.89,0.86,1.226,-2.884,14.065,4.128,90,4.128,90,4.128,90,0,0.0679915958,-0.0679915958
357,,-2.36,0,0.89,0.72,0.998,0.77,10.17,3.705,90,3.705,90,3.705,90,0.718,0.4274099692,0.2905900308
358,,-1.956,0.718,0.89,0.65,1.039,1.759,10.942,3.796,90,3.796,90,3.796,90,0,0.0343855142,-0.0343855142
359,,-1.674,0.283,0.89,0.61,1.152,0.236,12.107,3.927,90,3.927,90,3.927,90,0,0.0225199317,-0.0225199317
360,,-2.521,0.052,0.89,1.02,0.261,-4.743,13.311,5.23,90,5.344,90,9.525,90,0,0.7634906704,-0.7634906704
361,,-2.02,0.337,0.89,0.64,1.021,1.704,12.861,4.006,90,4.006,90,4.006,90,0,0.0177668804,-0.0177668804
362,,-1.733,0.2,0.89,0.98,1.755,-7.217,17.463,4.436,90,4.436,90,4.436,90,0,0.0163132391,-0.0163132391
363,,-1.735,0.34,0.89,0.6,0.941,0.886,9.999,3.684,90,3.684,90,3.684,90,0,0.0788041866,-0.0788041866
364,,-3.136,0.858,0.89,0.86,0.248,3.01,14.138,6.1,90,6.171,90,7.512,90,0,0.889929251,-0.889929251
365,,-1.069,0.012,0.89,0.57,1.459,-1.742,11.866,3.9,90,3.9,90,3.9,90,0,0.0058315533,-0.0058315533
366,,-1.884,0.591,0.89,0.91,1.226,1.995,16.831,4.382,90,4.382,90,4.382,90,0,-0.0246976597,0.0246976597
367,,-1.022,0.011,0.89,0.75,1.417,-1.494,12.151,3.931,90,3.931,90,3.931,90,0,-0.0121344528,0.0121344528
368,,-1.822,0.2,0.89,0.97,1.661,-6.026,16.92,4.39,90,4.39,90,4.39,90,0,0.0176878994,-0.0176878994
369,,-3.14,0,0.89,0.92,0.332,-8.028,14.625,6.054,90,6.148,90,7.859,90,0,0.6660253763,-0.6660253763
370,,-0.83,0.087,0.89,0.67,1.587,-2.663,12.697,3.989,90,3.989,90,3.989,90,0,-0.0173025132,0.0173025132
371,,-2.051,1.2,0.89,0.83,1.409,-4.9,16.274,4.333,90,4.333,90,4.333,90,0,-0.0511327653,0.0511327653
372,,-2.464,0.2,0.89,1.52,0.201,-16.391,17.128,6.546,90,7.221,90,7.247,90,1.244,1.1511512623,0.0928487377
373,,-1.308,0.209,0.89,0.58,1.385,-0.946,11.976,3.912,90,3.912,90,3.912,90,0,0.006370961,-0.006370961
374,,-1.202,0.001,0.89,0.67,1.289,-1.402,11.744,3.887,90,3.887,90,3.887,90,0,0.0172848936,-0.0172848936
375,,-1.281,0,0.89,0.57,1.279,-1.215,11.625,3.874,90,3.874,90,3.874,90,0,0.0065246843,-0.0065246843
376,,-1.109,0.389,0.89,0.6,1.597,-2.002,14.235,4.144,90,4.144,90,4.144,90,0,0.0113205602,-0.0113205602
377,,-2.585,0.14,0.89,0.75,0.963,-0.591,12.372,3.955,90,3.955,90,3.955,90,0,0.0508679566,-0.0508679566
378,,-2.058,0.247,0.89,0.4,1.074,2.891,9.55,3.628,90,3.628,90,3.628,90,0,0.1660398729,-0.1660398729
379,,-1.879,0.2,0.89,0.96,1.63,-3.259,16.665,4.368,90,4.368,90,4.368,90,0,-0.0055600998,0.0055600998
380,,-2.367,0,0.89,0.69,0.428,1.196,15.092,5.909,90,6.048,90,8.446,90,0.822,0.446806934,0.375193066
381,,-3.229,0,0.89,1.18,0.272,-10.761,15.972,5.87,90,5.966,90,9.123,90,3.5,2.857504994,0.642495006
382,,-2.14,0.369,0.89,0.64,0.916,2.082,12.683,3.988,90,3.988,90,3.988,90,0,0.020647673,-0.020647673
383,,-1.963,0.2,0.89,0.84,1.462,-5.312,15.572,4.27,90,4.27,90,4.27,90,0,0.0545523495,-0.0545523495
384,,-1.448,0.131,0.89,0.6,1.242,-0.429,11.751,3.888,90,3.888,90,3.888,90,0,0.0106658322,-0.0106658322
385,,-0.83,0.382,0.89,0.77,1.742,-2.209,14.822,4.2,90,4.2,90,4.2,90,0,0.0016639683,-0.0016639683
386,,-2.21,0.398,0.89,0.94,1.441,0.652,18.669,4.536,90,4.536,90,4.536,90,0,-0.0404128399,0.0404128399
387,,-2.535,0.178,0.89,0.61,0.742,2.821,11.325,3.84,90,3.84,90,3.84,90,0,0.0337738067,-0.0337738067
388,,-2.139,0.001,0.89,1.2,0.386,-2.018,14.796,6.066,90,6.094,90,8.007,90,0,0.0796736131,-0.0796736131
389,,-2.315,0.2,0.89,0.96,1.295,-3.645,14.496,4.169,90,4.169,90,4.169,90,0,0.2241079178,-0.2241079178
390,,-3.052,0.644,0.89,0.76,0.348,-1.56,14.514,6.103,90,6.358,90,7.481,90,0,0.4429872529,-0.4429872529
391,,-2.208,0.543,0.89,0.54,0.876,2.395,11.093,3.814,90,3.814,90,3.814,90,0,-0.0797802865,0.0797802865
392,,-1.637,0.339,0.89,0.62,1.196,0.191,12.2,3.936,90,3.936,90,3.936,90,0,0.0128975835,-0.0128975835
393,,-2.126,0.2,0.89,0.9,1.422,-4.92,15.277,4.243,90,4.243,90,4.243,90,0,0.025984322,-0.025984322
394,,-3.455,0,0.89,0.95,0.205,-6.177,13.136,5.558,90,5.726,90,8.254,90,4.007,2.9066635382,1.1003364618
395,,-1.63,0.001,0.89,0.74,1.21,-0.762,10.804,3.78,90,3.78,90,3.78,90,0,-0.0168952013,0.0168952013
396,,-2.382,0.382,0.89,0.72,0.906,3.218,13.915,4.113,90,4.113,90,4.113,90,0,-0.046374814,0.046374814
397,,,,,,,,,,,,,,,,Average Delta,0.0434374394
398,,,,,,,,,,,,,,,,,
399,,,,,,,,,,,,,,,,,
400,,,,,,,,,,,,,,,,,
401,,,,,,,,,,,,,,,,,
402,,,,,,,,,,,,,,,,,
403,,,,,,,,,,,,,,,,,
404,,,,,,,,,,,,,,,,,
405,,,,,,,,,,,,,,,,,
406,,,,,,,,,,,,,,,,,
407,,,,,,,,,,,,,,,,,
408,,,,,,,,,,,,,,,,,
409,,,,,,,,,,,,,,,,,
410,,,,,,,,,,,,,,,,,
411,,,,,,,,,,,,,,,,,
412,,,,,,,,,,,,,,,,,
413,,,,,,,,,,,,,,,,,
414,,,,,,,,,,,,,,,,,
415,,,,,,,,,,,,,,,,,
416,,,,,,,,,,,,,,,,,
417,,,,,,,,,,,,,,,,,
418,,,,,,,,,,,,,,,,,
419,,,,,,,,,,,,,,,,,
420,,,,,,,,,,,,,,,,,
421,,,,,,,,,,,,,,,,,
422,,,,,,,,,,,,,,,,,
423,,,,,,,,,,,,,,,,,
424,,,,,,,,,,,,,,,,,
425,,,,,,,,,,,,,,,,,
426,,,,,,,,,,,,,,,,,
427,,,,,,,,,,,,,,,,,
428,,,,,,,,,,,,,,,,,
429,,,,,,,,,,,,,,,,,
430,,,,,,,,,,,,,,,,,
431,,,,,,,,,,,,,,,,,
432,,,,,,,,,,,,,,,,,
433,,,,,,,,,,,,,,,,,
434,,,,,,,,,,,,,,,,,
435,,,,,,,,,,,,,,,,,
436,,,,,,,,,,,,,,,,,
437,,,,,,,,,,,,,,,,,
438,,,,,,,,,,,,,,,,,
439,,,,,,,,,,,,,,,,,
440,,,,,,,,,,,,,,,,,
441,,,,,,,,,,,,,,,,,
442,,,,,,,,,,,,,,,,,
443,,,,,,,,,,,,,,,,,
444,,,,,,,,,,,,,,,,,
445,,,,,,,,,,,,,,,,,
446,,,,,,,,,,,,,,,,,
447,,,,,,,,,,,,,,,,,
448,,,,,,,,,,,,,,,,,
449,,,,,,,,,,,,,,,,,
450,,,,,,,,,,,,,,,,,
451,,,,,,,,,,,,,,,,,
452,,,,,,,,,,,,,,,,,
453,,,,,,,,,,,,,,,,,
454,,,,,,,,,,,,,,,,,
455,,,,,,,,,,,,,,,,,
456,,,,,,,,,,,,,,,,,
457,,,,,,,,,,,,,,,,,
458,,,,,,,,,,,,,,,,,
459,,,,,,,,,,,,,,,,,
460,,,,,,,,,,,,,,,,,
461,,,,,,,,,,,,,,,,,
462,,,,,,,,,,,,,,,,,
463,,,,,,,,,,,,,,,,,
464,,,,,,,,,,,,,,,,,
465,,,,,,,,,,,,,,,,,
466,,,,,,,,,,,,,,,,,
467,,,,,,,,,,,,,,,,,
468,,,,,,,,,,,,,,,,,
469,,,,,,,,,,,,,,,,,
470,,,,,,,,,,,,,,,,,
471,,,,,,,,,,,,,,,,,
472,,,,,,,,,,,,,,,,,
473,,,,,,,,,,,,,,,,,
474,,,,,,,,,,,,,,,,,
475,,,,,,,,,,,,,,,,,
476,,,,,,,,,,,,,,,,,
477,,,,,,,,,,,,,,,,,
478,,,,,,,,,,,,,,,,,
479,,,,,,,,,,,,,,,,,
480,,,,,,,,,,,,,,,,,
481,,,,,,,,,,,,,,,,,
482,,,,,,,,,,,,,,,,,
483,,,,,,,,,,,,,,,,,
484,,,,,,,,,,,,,,,,,
485,,,,,,,,,,,,,,,,,
486,,,,,,,,,,,,,,,,,
487,,,,,,,,,,,,,,,,,
488,,,,,,,,,,,,,,,,,
489,,,,,,,,,,,,,,,,,
490,,,,,,,,,,,,,,,,,
491,,,,,,,,,,,,,,,,,
492,,,,,,,,,,,,,,,,,
493,,,,,,,,,,,,,,,,,
494,,,,,,,,,,,,,,,,,
495,,,,,,,,,,,,,,,,,
496,,,,,,,,,,,,,,,,,
497,,,,,,,,,,,,,,,,,
498,,,,,,,,,,,,,,,,,
499,,,,,,,,,,,,,,,,,
500,,,,,,,,,,,,,,,,,
501,,,,,,,,,,,,,,,,,
502,,,,,,,,,,,,,,,,,
503,,,,,,,,,,,,,,,,,
504,,,,,,,,,,,,,,,,,
505,,,,,,,,,,,,,,,,,
506,,,,,,,,,,,,,,,,,
507,,,,,,,,,,,,,,,,,
508,,,,,,,,,,,,,,,,,
509,,,,,,,,,,,,,,,,,
510,,,,,,,,,,,,,,,,,
511,,,,,,,,,,,,,,,,,
512,,,,,,,,,,,,,,,,,
513,,,,,,,,,,,,,,,,,
514,,,,,,,,,,,,,,,,,
515,,,,,,,,,,,,,,,,,
516,,,,,,,,,,,,,,,,,
517,,,,,,,,,,,,,,,,,
518,,,,,,,,,,,,,,,,,
519,,,,,,,,,,,,,,,,,
520,,,,,,,,,,,,,,,,,
521,,,,,,,,,,,,,,,,,
522,,,,,,,,,,,,,,,,,
523,,,,,,,,,,,,,,,,,
524,,,,,,,,,,,,,,,,,
525,,,,,,,,,,,,,,,,,
526,,,,,,,,,,,,,,,,,
527,,,,,,,,,,,,,,,,,
528,,,,,,,,,,,,,,,,,
529,,,,,,,,,,,,,,,,,
530,,,,,,,,,,,,,,,,,
531,,,,,,,,,,,,,,,,,
532,,,,,,,,,,,,,,,,,
533,,,,,,,,,,,,,,,,,
534,,,,,,,,,,,,,,,,,
535,,,,,,,,,,,,,,,,,
536,,,,,,,,,,,,,,,,,
537,,,,,,,,,,,,,,,,,
538,,,,,,,,,,,,,,,,,
539,,,,,,,,,,,,,,,,,
540,,,,,,,,,,,,,,,,,
541,,,,,,,,,,,,,,,,,
542,,,,,,,,,,,,,,,,,
543,,,,,,,,,,,,,,,,,
544,,,,,,,,,,,,,,,,,
545,,,,,,,,,,,,,,,,,
546,,,,,,,,,,,,,,,,,
547,,,,,,,,,,,,,,,,,
548,,,,,,,,,,,,,,,,,
549,,,,,,,,,,,,,,,,,
550,,,,,,,,,,,,,,,,,
551,,,,,,,,,,,,,,,,,
552,,,,,,,,,,,,,,,,,
553,,,,,,,,,,,,,,,,,
554,,,,,,,,,,,,,,,,,
555,,,,,,,,,,,,,,,,,
556,,,,,,,,,,,,,,,,,
557,,,,,,,,,,,,,,,,,
558,,,,,,,,,,,,,,,,,
559,,,,,,,,,,,,,,,,,
560,,,,,,,,,,,,,,,,,
561,,,,,,,,,,,,,,,,,
562,,,,,,,,,,,,,,,,,
563,,,,,,,,,,,,,,,,,
564,,,,,,,,,,,,,,,,,
565,,,,,,,,,,,,,,,,,
566,,,,,,,,,,,,,,,,,
567,,,,,,,,,,,,,,,,,
568,,,,,,,,,,,,,,,,,
569,,,,,,,,,,,,,,,,,
570,,,,,,,,,,,,,,,,,
571,,,,,,,,,,,,,,,,,
572,,,,,,,,,,,,,,,,,
573,,,,,,,,,,,,,,,,,
574,,,,,,,,,,,,,,,,,
575,,,,,,,,,,,,,,,,,
576,,,,,,,,,,,,,,,,,
577,,,,,,,,,,,,,,,,,
578,,,,,,,,,,,,,,,,,
579,,,,,,,,,,,,,,,,,
580,,,,,,,,,,,,,,,,,
581,,,,,,,,,,,,,,,,,
582,,,,,,,,,,,,,,,,,
583,,,,,,,,,,,,,,,,,
584,,,,,,,,,,,,,,,,,
585,,,,,,,,,,,,,,,,,
586,,,,,,,,,,,,,,,,,
587,,,,,,,,,,,,,,,,,
588,,,,,,,,,,,,,,,,,
589,,,,,,,,,,,,,,,,,
590,,,,,,,,,,,,,,,,,
591,,,,,,,,,,,,,,,,,
592,,,,,,,,,,,,,,,,,
593,,,,,,,,,,,,,,,,,
594,,,,,,,,,,,,,,,,,
595,,,,,,,,,,,,,,,,,
596,,,,,,,,,,,,,,,,,
597,,,,,,,,,,,,,,,,,
598,,,,,,,,,,,,,,,,,
599,,,,,,,,,,,,,,,,,
600,,,,,,,,,,,,,,,,,
601,,,,,,,,,,,,,,,,,
602,,,,,,,,,,,,,,,,,
603,,,,,,,,,,,,,,,,,
604,,,,,,,,,,,,,,,,,
605,,,,,,,,,,,,,,,,,
606,,,,,,,,,,,,,,,,,
607,,,,,,,,,,,,,,,,,
608,,,,,,,,,,,,,,,,,
609,,,,,,,,,,,,,,,,,
610,,,,,,,,,,,,,,,,,
611,,,,,,,,,,,,,,,,,
612,,,,,,,,,,,,,,,,,
613,,,,,,,,,,,,,,,,,
614,,,,,,,,,,,,,,,,,
615,,,,,,,,,,,,,,,,,
616,,,,,,,,,,,,,,,,,
617,,,,,,,,,,,,,,,,,
618,,,,,,,,,,,,,,,,,
619,,,,,,,,,,,,,,,,,
620,,,,,,,,,,,,,,,,,
621,,,,,,,,,,,,,,,,,
622,,,,,,,,,,,,,,,,,
623,,,,,,,,,,,,,,,,,
624,,,,,,,,,,,,,,,,,
625,,,,,,,,,,,,,,,,,
626,,,,,,,,,,,,,,,,,
627,,,,,,,,,,,,,,,,,
628,,,,,,,,,,,,,,,,,
629,,,,,,,,,,,,,,,,,
630,,,,,,,,,,,,,,,,,
631,,,,,,,,,,,,,,,,,
632,,,,,,,,,,,,,,,,,
633,,,,,,,,,,,,,,,,,
634,,,,,,,,,,,,,,,,,
635,,,,,,,,,,,,,,,,,
636,,,,,,,,,,,,,,,,,
637,,,,,,,,,,,,,,,,,
638,,,,,,,,,,,,,,,,,
639,,,,,,,,,,,,,,,,,
640,,,,,,,,,,,,,,,,,
641,,,,,,,,,,,,,,,,,
642,,,,,,,,,,,,,,,,,
643,,,,,,,,,,,,,,,,,
644,,,,,,,,,,,,,,,,,
645,,,,,,,,,,,,,,,,,
646,,,,,,,,,,,,,,,,,
647,,,,,,,,,,,,,,,,,
648,,,,,,,,,,,,,,,,,
649,,,,,,,,,,,,,,,,,
650,,,,,,,,,,,,,,,,,
651,,,,,,,,,,,,,,,,,
652,,,,,,,,,,,,,,,,,
653,,,,,,,,,,,,,,,,,
654,,,,,,,,,,,,,,,,,
655,,,,,,,,,,,,,,,,,
656,,,,,,,,,,,,,,,,,
657,,,,,,,,,,,,,,,,,
658,,,,,,,,,,,,,,,,,
659,,,,,,,,,,,,,,,,,
660,,,,,,,,,,,,,,,,,
661,,,,,,,,,,,,,,,,,
662,,,,,,,,,,,,,,,,,
663,,,,,,,,,,,,,,,,,
664,,,,,,,,,,,,,,,,,
665,,,,,,,,,,,,,,,,,
666,,,,,,,,,,,,,,,,,
667,,,,,,,,,,,,,,,,,
668,,,,,,,,,,,,,,,,,
669,,,,,,,,,,,,,,,,,
670,,,,,,,,,,,,,,,,,
671,,,,,,,,,,,,,,,,,
672,,,,,,,,,,,,,,,,,
673,,,,,,,,,,,,,,,,,
674,,,,,,,,,,,,,,,,,
675,,,,,,,,,,,,,,,,,
676,,,,,,,,,,,,,,,,,
677,,,,,,,,,,,,,,,,,
678,,,,,,,,,,,,,,,,,
679,,,,,,,,,,,,,,,,,
680,,,,,,,,,,,,,,,,,
681,,,,,,,,,,,,,,,,,
682,,,,,,,,,,,,,,,,,
683,,,,,,,,,,,,,,,,,
684,,,,,,,,,,,,,,,,,
685,,,,,,,,,,,,,,,,,
686,,,,,,,,,,,,,,,,,
687,,,,,,,,,,,,,,,,,
688,,,,,,,,,,,,,,,,,
689,,,,,,,,,,,,,,,,,
690,,,,,,,,,,,,,,,,,
691,,,,,,,,,,,,,,,,,
692,,,,,,,,,,,,,,,,,
693,,,,,,,,,,,,,,,,,
694,,,,,,,,,,,,,,,,,
695,,,,,,,,,,,,,,,,,
696,,,,,,,,,,,,,,,,,
697,,,,,,,,,,,,,,,,,
698,,,,,,,,,,,,,,,,,
699,,,,,,,,,,,,,,,,,
700,,,,,,,,,,,,,,,,,
701,,,,,,,,,,,,,,,,,
702,,,,,,,,,,,,,,,,,
703,,,,,,,,,,,,,,,,,
704,,,,,,,,,,,,,,,,,
705,,,,,,,,,,,,,,,,,
706,,,,,,,,,,,,,,,,,
707,,,,,,,,,,,,,,,,,
708,,,,,,,,,,,,,,,,,
709,,,,,,,,,,,,,,,,,
710,,,,,,,,,,,,,,,,,
711,,,,,,,,,,,,,,,,,
712,,,,,,,,,,,,,,,,,
713,,,,,,,,,,,,,,,,,
714,,,,,,,,,,,,,,,,,
715,,,,,,,,,,,,,,,,,
716,,,,,,,,,,,,,,,,,
717,,,,,,,,,,,,,,,,,
718,,,,,,,,,,,,,,,,,
719,,,,,,,,,,,,,,,,,
720,,,,,,,,,,,,,,,,,
721,,,,,,,,,,,,,,,,,
722,,,,,,,,,,,,,,,,,
723,,,,,,,,,,,,,,,,,
724,,,,,,,,,,,,,,,,,
725,,,,,,,,,,,,,,,,,
726,,,,,,,,,,,,,,,,,
727,,,,,,,,,,,,,,,,,
728,,,,,,,,,,,,,,,,,
729,,,,,,,,,,,,,,,,,
730,,,,,,,,,,,,,,,,,
731,,,,,,,,,,,,,,,,,
732,,,,,,,,,,,,,,,,,
733,,,,,,,,,,,,,,,,,
734,,,,,,,,,,,,,,,,,
735,,,,,,,,,,,,,,,,,
736,,,,,,,,,,,,,,,,,
737,,,,,,,,,,,,,,,,,
738,,,,,,,,,,,,,,,,,
739,,,,,,,,,,,,,,,,,
740,,,,,,,,,,,,,,,,,
741,,,,,,,,,,,,,,,,,
742,,,,,,,,,,,,,,,,,
743,,,,,,,,,,,,,,,,,
744,,,,,,,,,,,,,,,,,
745,,,,,,,,,,,,,,,,,
746,,,,,,,,,,,,,,,,,
747,,,,,,,,,,,,,,,,,
748,,,,,,,,,,,,,,,,,
749,,,,,,,,,,,,,,,,,
750,,,,,,,,,,,,,,,,,
751,,,,,,,,,,,,,,,,,
752,,,,,,,,,,,,,,,,,
753,,,,,,,,,,,,,,,,,
754,,,,,,,,,,,,,,,,,
755,,,,,,,,,,,,,,,,,
756,,,,,,,,,,,,,,,,,
757,,,,,,,,,,,,,,,,,
758,,,,,,,,,,,,,,,,,
759,,,,,,,,,,,,,,,,,
760,,,,,,,,,,,,,,,,,
761,,,,,,,,,,,,,,,,,
762,,,,,,,,,,,,,,,,,
763,,,,,,,,,,,,,,,,,
764,,,,,,,,,,,,,,,,,
765,,,,,,,,,,,,,,,,,
766,,,,,,,,,,,,,,,,,
767,,,,,,,,,,,,,,,,,
768,,,,,,,,,,,,,,,,,
769,,,,,,,,,,,,,,,,,
770,,,,,,,,,,,,,,,,,
771,,,,,,,,,,,,,,,,,
772,,,,,,,,,,,,,,,,,
773,,,,,,,,,,,,,,,,,
774,,,,,,,,,,,,,,,,,
775,,,,,,,,,,,,,,,,,
776,,,,,,,,,,,,,,,,,
777,,,,,,,,,,,,,,,,,
778,,,,,,,,,,,,,,,,,
779,,,,,,,,,,,,,,,,,
780,,,,,,,,,,,,,,,,,
781,,,,,,,,,,,,,,,,,
782,,,,,,,,,,,,,,,,,
783,,,,,,,,,,,,,,,,,
784,,,,,,,,,,,,,,,,,
785,,,,,,,,,,,,,,,,,
786,,,,,,,,,,,,,,,,,
787,,,,,,,,,,,,,,,,,
788,,,,,,,,,,,,,,,,,
789,,,,,,,,,,,,,,,,,
790,,,,,,,,,,,,,,,,,
791,,,,,,,,,,,,,,,,,
792,,,,,,,,,,,,,,,,,
793,,,,,,,,,,,,,,,,,
794,,,,,,,,,,,,,,,,,
795,,,,,,,,,,,,,,,,,
796,,,,,,,,,,,,,,,,,
797,,,,,,,,,,,,,,,,,
798,,,,,,,,,,,,,,,,,
799,,,,,,,,,,,,,,,,,
800,,,,,,,,,,,,,,,,,
801,,,,,,,,,,,,,,,,,
802,,,,,,,,,,,,,,,,,
803,,,,,,,,,,,,,,,,,
804,,,,,,,,,,,,,,,,,
805,,,,,,,,,,,,,,,,,
806,,,,,,,,,,,,,,,,,
807,,,,,,,,,,,,,,,,,
808,,,,,,,,,,,,,,,,,
809,,,,,,,,,,,,,,,,,
810,,,,,,,,,,,,,,,,,
811,,,,,,,,,,,,,,,,,
812,,,,,,,,,,,,,,,,,
813,,,,,,,,,,,,,,,,,
814,,,,,,,,,,,,,,,,,
815,,,,,,,,,,,,,,,,,
816,,,,,,,,,,,,,,,,,
817,,,,,,,,,,,,,,,,,
818,,,,,,,,,,,,,,,,,
819,,,,,,,,,,,,,,,,,
820,,,,,,,,,,,,,,,,,
821,,,,,,,,,,,,,,,,,
822,,,,,,,,,,,,,,,,,
823,,,,,,,,,,,,,,,,,
824,,,,,,,,,,,,,,,,,
825,,,,,,,,,,,,,,,,,
826,,,,,,,,,,,,,,,,,
827,,,,,,,,,,,,,,,,,
828,,,,,,,,,,,,,,,,,
829,,,,,,,,,,,,,,,,,
830,,,,,,,,,,,,,,,,,
831,,,,,,,,,,,,,,,,,
832,,,,,,,,,,,,,,,,,
833,,,,,,,,,,,,,,,,,
834,,,,,,,,,,,,,,,,,
835,,,,,,,,,,,,,,,,,
836,,,,,,,,,,,,,,,,,
837,,,,,,,,,,,,,,,,,
838,,,,,,,,,,,,,,,,,
839,,,,,,,,,,,,,,,,,
840,,,,,,,,,,,,,,,,,
841,,,,,,,,,,,,,,,,,
842,,,,,,,,,,,,,,,,,
843,,,,,,,,,,,,,,,,,
844,,,,,,,,,,,,,,,,,
845,,,,,,,,,,,,,,,,,
846,,,,,,,,,,,,,,,,,
847,,,,,,,,,,,,,,,,,
848,,,,,,,,,,,,,,,,,
849,,,,,,,,,,,,,,,,,
850,,,,,,,,,,,,,,,,,
851,,,,,,,,,,,,,,,,,
852,,,,,,,,,,,,,,,,,
853,,,,,,,,,,,,,,,,,
854,,,,,,,,,,,,,,,,,
855,,,,,,,,,,,,,,,,,
856,,,,,,,,,,,,,,,,,
857,,,,,,,,,,,,,,,,,
858,,,,,,,,,,,,,,,,,
859,,,,,,,,,,,,,,,,,
860,,,,,,,,,,,,,,,,,
861,,,,,,,,,,,,,,,,,
862,,,,,,,,,,,,,,,,,
863,,,,,,,,,,,,,,,,,
864,,,,,,,,,,,,,,,,,
865,,,,,,,,,,,,,,,,,
866,,,,,,,,,,,,,,,,,
867,,,,,,,,,,,,,,,,,
868,,,,,,,,,,,,,,,,,
869,,,,,,,,,,,,,,,,,
870,,,,,,,,,,,,,,,,,
871,,,,,,,,,,,,,,,,,
872,,,,,,,,,,,,,,,,,
873,,,,,,,,,,,,,,,,,
874,,,,,,,,,,,,,,,,,
875,,,,,,,,,,,,,,,,,
876,,,,,,,,,,,,,,,,,
877,,,,,,,,,,,,,,,,,
878,,,,,,,,,,,,,,,,,
879,,,,,,,,,,,,,,,,,
880,,,,,,,,,,,,,,,,,
881,,,,,,,,,,,,,,,,,
882,,,,,,,,,,,,,,,,,
883,,,,,,,,,,,,,,,,,
884,,,,,,,,,,,,,,,,,
885,,,,,,,,,,,,,,,,,
886,,,,,,,,,,,,,,,,,
887,,,,,,,,,,,,,,,,,
888,,,,,,,,,,,,,,,,,
889,,,,,,,,,,,,,,,,,
890,,,,,,,,,,,,,,,,,
891,,,,,,,,,,,,,,,,,
892,,,,,,,,,,,,,,,,,
893,,,,,,,,,,,,,,,,,
894,,,,,,,,,,,,,,,,,
895,,,,,,,,,,,,,,,,,
896,,,,,,,,,,,,,,,,,
897,,,,,,,,,,,,,,,,,
898,,,,,,,,,,,,,,,,,
899,,,,,,,,,,,,,,,,,
900,,,,,,,,,,,,,,,,,
901,,,,,,,,,,,,,,,,,
902,,,,,,,,,,,,,,,,,
903,,,,,,,,,,,,,,,,,
904,,,,,,,,,,,,,,,,,
905,,,,,,,,,,,,,,,,,
906,,,,,,,,,,,,,,,,,
907,,,,,,,,,,,,,,,,,
908,,,,,,,,,,,,,,,,,
909,,,,,,,,,,,,,,,,,
910,,,,,,,,,,,,,,,,,
911,,,,,,,,,,,,,,,,,
912,,,,,,,,,,,,,,,,,
913,,,,,,,,,,,,,,,,,
914,,,,,,,,,,,,,,,,,
915,,,,,,,,,,,,,,,,,
916,,,,,,,,,,,,,,,,,
917,,,,,,,,,,,,,,,,,
918,,,,,,,,,,,,,,,,,
919,,,,,,,,,,,,,,,,,
920,,,,,,,,,,,,,,,,,
921,,,,,,,,,,,,,,,,,
922,,,,,,,,,,,,,,,,,
923,,,,,,,,,,,,,,,,,
924,,,,,,,,,,,,,,,,,
925,,,,,,,,,,,,,,,,,
926,,,,,,,,,,,,,,,,,
927,,,,,,,,,,,,,,,,,
928,,,,,,,,,,,,,,,,,
929,,,,,,,,,,,,,,,,,
930,,,,,,,,,,,,,,,,,
931,,,,,,,,,,,,,,,,,
932,,,,,,,,,,,,,,,,,
933,,,,,,,,,,,,,,,,,
934,,,,,,,,,,,,,,,,,
935,,,,,,,,,,,,,,,,,
936,,,,,,,,,,,,,,,,,
937,,,,,,,,,,,,,,,,,
938,,,,,,,,,,,,,,,,,
939,,,,,,,,,,,,,,,,,
940,,,,,,,,,,,,,,,,,
941,,,,,,,,,,,,,,,,,
942,,,,,,,,,,,,,,,,,
943,,,,,,,,,,,,,,,,,
944,,,,,,,,,,,,,,,,,
945,,,,,,,,,,,,,,,,,
946,,,,,,,,,,,,,,,,,
947,,,,,,,,,,,,,,,,,
948,,,,,,,,,,,,,,,,,
949,,,,,,,,,,,,,,,,,
950,,,,,,,,,,,,,,,,,
951,,,,,,,,,,,,,,,,,
952,,,,,,,,,,,,,,,,,
953,,,,,,,,,,,,,,,,,
954,,,,,,,,,,,,,,,,,
955,,,,,,,,,,,,,,,,,
956,,,,,,,,,,,,,,,,,
957,,,,,,,,,,,,,,,,,
958,,,,,,,,,,,,,,,,,
959,,,,,,,,,,,,,,,,,
960,,,,,,,,,,,,,,,,,
961,,,,,,,,,,,,,,,,,
962,,,,,,,,,,,,,,,,,
963,,,,,,,,,,,,,,,,,
964,,,,,,,,,,,,,,,,,
965,,,,,,,,,,,,,,,,,
966,,,,,,,,,,,,,,,,,
967,,,,,,,,,,,,,,,,,
968,,,,,,,,,,,,,,,,,
969,,,,,,,,,,,,,,,,,
970,,,,,,,,,,,,,,,,,
971,,,,,,,,,,,,,,,,,
972,,,,,,,,,,,,,,,,,
973,,,,,,,,,,,,,,,,,
974,,,,,,,,,,,,,,,,,
975,,,,,,,,,,,,,,,,,
976,,,,,,,,,,,,,,,,,
977,,,,,,,,,,,,,,,,,
978,,,,,,,,,,,,,,,,,
979,,,,,,,,,,,,,,,,,
980,,,,,,,,,,,,,,,,,
981,,,,,,,,,,,,,,,,,
982,,,,,,,,,,,,,,,,,
983,,,,,,,,,,,,,,,,,
984,,,,,,,,,,,,,,,,,
985,,,,,,,,,,,,,,,,,
986,,,,,,,,,,,,,,,,,
987,,,,,,,,,,,,,,,,,
988,,,,,,,,,,,,,,,,,
989,,,,,,,,,,,,,,,,,
990,,,,,,,,,,,,,,,,,
991,,,,,,,,,,,,,,,,,
992,,,,,,,,,,,,,,,,,
993,,,,,,,,,,,,,,,,,
994,,,,,,,,,,,,,,,,,
995,,,,,,,,,,,,,,,,,
996,,,,,,,,,,,,,,,,,
997,,,,,,,,,,,,,,,,,
998,,,,,,,,,,,,,,,,,
999,,,,,,,,,,,,,,,,,
1000,,,,,,,,,,,,,,,,,
1001,,,,,,,,,,,,,,,,,
1002,,,,,,,,,,,,,,,,,
1003,,,,,,,,,,,,,,,,,
1004,,,,,,,,,,,,,,,,,
1005,,,,,,,,,,,,,,,,,
1006,,,,,,,,,,,,,,,,,
1007,,,,,,,,,,,,,,,,,
1008,,,,,,,,,,,,,,,,,
1009,,,,,,,,,,,,,,,,,
1010,,,,,,,,,,,,,,,,,
1011,,,,,,,,,,,,,,,,,
1012,,,,,,,,,,,,,,,,,
1013,,,,,,,,,,,,,,,,,
1014,,,,,,,,,,,,,,,,,
1015,,,,,,,,,,,,,,,,,
1016,,,,,,,,,,,,,,,,,
1017,,,,,,,,,,,,,,,,,
1018,,,,,,,,,,,,,,,,,
1019,,,,,,,,,,,,,,,,,
1020,,,,,,,,,,,,,,,,,
1021,,,,,,,,,,,,,,,,,
1022,,,,,,,,,,,,,,,,,
1023,,,,,,,,,,,,,,,,,
1024,,,,,,,,,,,,,,,,,
1025,,,,,,,,,,,,,,,,,
1026,,,,,,,,,,,,,,,,,
1027,,,,,,,,,,,,,,,,,
1028,,,,,,,,,,,,,,,,,
1029,,,,,,,,,,,,,,,,,
1030,,,,,,,,,,,,,,,,,
1031,,,,,,,,,,,,,,,,,
1032,,,,,,,,,,,,,,,,,
1033,,,,,,,,,,,,,,,,,
1034,,,,,,,,,,,,,,,,,
1035,,,,,,,,,,,,,,,,,
1036,,,,,,,,,,,,,,,,,
1037,,,,,,,,,,,,,,,,,
1038,,,,,,,,,,,,,,,,,
1039,,,,,,,,,,,,,,,,,
1040,,,,,,,,,,,,,,,,,
1041,,,,,,,,,,,,,,,,,
1042,,,,,,,,,,,,,,,,,
1043,,,,,,,,,,,,,,,,,
1044,,,,,,,,,,,,,,,,,
1045,,,,,,,,,,,,,,,,,
1046,,,,,,,,,,,,,,,,,
1047,,,,,,,,,,,,,,,,,
1048,,,,,,,,,,,,,,,,,
1049,,,,,,,,,,,,,,,,,
1050,,,,,,,,,,,,,,,,,
1051,,,,,,,,,,,,,,,,,
1052,,,,,,,,,,,,,,,,,
1053,,,,,,,,,,,,,,,,,
1054,,,,,,,,,,,,,,,,,
1055,,,,,,,,,,,,,,,,,
1056,,,,,,,,,,,,,,,,,
1057,,,,,,,,,,,,,,,,,
1058,,,,,,,,,,,,,,,,,
1059,,,,,,,,,,,,,,,,,
1060,,,,,,,,,,,,,,,,,
1061,,,,,,,,,,,,,,,,,
1062,,,,,,,,,,,,,,,,,
1063,,,,,,,,,,,,,,,,,
1064,,,,,,,,,,,,,,,,,
1065,,,,,,,,,,,,,,,,,
1066,,,,,,,,,,,,,,,,,
1067,,,,,,,,,,,,,,,,,
1068,,,,,,,,,,,,,,,,,
1069,,,,,,,,,,,,,,,,,
1070,,,,,,,,,,,,,,,,,
1071,,,,,,,,,,,,,,,,,
1072,,,,,,,,,,,,,,,,,
1073,,,,,,,,,,,,,,,,,
1074,,,,,,,,,,,,,,,,,
1075,,,,,,,,,,,,,,,,,
1076,,,,,,,,,,,,,,,,,
1077,,,,,,,,,,,,,,,,,
1078,,,,,,,,,,,,,,,,,
1079,,,,,,,,,,,,,,,,,
1080,,,,,,,,,,,,,,,,,
1081,,,,,,,,,,,,,,,,,
1082,,,,,,,,,,,,,,,,,
1083,,,,,,,,,,,,,,,,,
1084,,,,,,,,,,,,,,,,,
1085,,,,,,,,,,,,,,,,,
1086,,,,,,,,,,,,,,,,,
1087,,,,,,,,,,,,,,,,,
1088,,,,,,,,,,,,,,,,,
1089,,,,,,,,,,,,,,,,,
1090,,,,,,,,,,,,,,,,,
1091,,,,,,,,,,,,,,,,,
1092,,,,,,,,,,,,,,,,,
1093,,,,,,,,,,,,,,,,,
1094,,,,,,,,,,,,,,,,,
1095,,,,,,,,,,,,,,,,,
1096,,,,,,,,,,,,,,,,,
1097,,,,,,,,,,,,,,,,,
1098,,,,,,,,,,,,,,,,,
1099,,,,,,,,,,,,,,,,,
1100,,,,,,,,,,,,,,,,,
1101,,,,,,,,,,,,,,,,,
1102,,,,,,,,,,,,,,,,,
1103,,,,,,,,,,,,,,,,,
1104,,,,,,,,,,,,,,,,,
1105,,,,,,,,,,,,,,,,,
1106,,,,,,,,,,,,,,,,,
1107,,,,,,,,,,,,,,,,,
1108,,,,,,,,,,,,,,,,,
1109,,,,,,,,,,,,,,,,,
1110,,,,,,,,,,,,,,,,,
1111,,,,,,,,,,,,,,,,,
1112,,,,,,,,,,,,,,,,,
1113,,,,,,,,,,,,,,,,,
1114,,,,,,,,,,,,,,,,,
1115,,,,,,,,,,,,,,,,,
1116,,,,,,,,,,,,,,,,,
1117,,,,,,,,,,,,,,,,,
1118,,,,,,,,,,,,,,,,,
1119,,,,,,,,,,,,,,,,,
1120,,,,,,,,,,,,,,,,,
1121,,,,,,,,,,,,,,,,,
1122,,,,,,,,,,,,,,,,,
1123,,,,,,,,,,,,,,,,,
1124,,,,,,,,,,,,,,,,,
1125,,,,,,,,,,,,,,,,,
1126,,,,,,,,,,,,,,,,,
1127,,,,,,,,,,,,,,,,,
1128,,,,,,,,,,,,,,,,,
1129,,,,,,,,,,,,,,,,,
1130,,,,,,,,,,,,,,,,,
1131,,,,,,,,,,,,,,,,,
1132,,,,,,,,,,,,,,,,,
1133,,,,,,,,,,,,,,,,,
1134,,,,,,,,,,,,,,,,,
1135,,,,,,,,,,,,,,,,,
1136,,,,,,,,,,,,,,,,,
1137,,,,,,,,,,,,,,,,,
1138,,,,,,,,,,,,,,,,,
1139,,,,,,,,,,,,,,,,,
1140,,,,,,,,,,,,,,,,,
1141,,,,,,,,,,,,,,,,,
1142,,,,,,,,,,,,,,,,,
1143,,,,,,,,,,,,,,,,,
1144,,,,,,,,,,,,,,,,,
1145,,,,,,,,,,,,,,,,,
1146,,,,,,,,,,,,,,,,,
1147,,,,,,,,,,,,,,,,,
1148,,,,,,,,,,,,,,,,,
1149,,,,,,,,,,,,,,,,,
1150,,,,,,,,,,,,,,,,,
1151,,,,,,,,,,,,,,,,,
1152,,,,,,,,,,,,,,,,,
1153,,,,,,,,,,,,,,,,,
1154,,,,,,,,,,,,,,,,,
1155,,,,,,,,,,,,,,,,,
1156,,,,,,,,,,,,,,,,,
1157,,,,,,,,,,,,,,,,,
1158,,,,,,,,,,,,,,,,,
1159,,,,,,,,,,,,,,,,,
1160,,,,,,,,,,,,,,,,,
1161,,,,,,,,,,,,,,,,,
1162,,,,,,,,,,,,,,,,,
1163,,,,,,,,,,,,,,,,,
1164,,,,,,,,,,,,,,,,,
1165,,,,,,,,,,,,,,,,,
1166,,,,,,,,,,,,,,,,,
1167,,,,,,,,,,,,,,,,,
1168,,,,,,,,,,,,,,,,,
1169,,,,,,,,,,,,,,,,,
1170,,,,,,,,,,,,,,,,,
1171,,,,,,,,,,,,,,,,,
1172,,,,,,,,,,,,,,,,,
1173,,,,,,,,,,,,,,,,,
1174,,,,,,,,,,,,,,,,,
1175,,,,,,,,,,,,,,,,,
1176,,,,,,,,,,,,,,,,,
1177,,,,,,,,,,,,,,,,,
1178,,,,,,,,,,,,,,,,,
1179,,,,,,,,,,,,,,,,,
1180,,,,,,,,,,,,,,,,,
1181,,,,,,,,,,,,,,,,,
1182,,,,,,,,,,,,,,,,,
1183,,,,,,,,,,,,,,,,,
1184,,,,,,,,,,,,,,,,,
1185,,,,,,,,,,,,,,,,,
1186,,,,,,,,,,,,,,,,,
1187,,,,,,,,,,,,,,,,,
1188,,,,,,,,,,,,,,,,,
1189,,,,,,,,,,,,,,,,,
1190,,,,,,,,,,,,,,,,,
