,c,k,a x e,e x g,a x c x (a)^(2),a x (a)^(2) x (a)^(1/2),b x g x (b)^(2),c x (c)^(2) x (c)^(1/2),c x (d)^(2) x (d)^(1/2),c x (i)^(2) x (i)^(1/2),d x g x (g)^(2),e x (b)^(2) x (e)^(2),e x (e)^(2) x (e)^(1/2),f x h x (h)^(2),h x (a)^(2) x (k)^(2),h x (h)^(2) x (k)^(2),h x (k)^(2) x (k)^(1/2),i x (i)^(2) x (i)^(1/2),j x (j)^(2) x (j)^(1/2),k x (d)^(2) x (d)^(1/2),k x (e)^(2) x (e)^(1/2),k x (g)^(2) x (g)^(1/2),k x (i)^(2) x (i)^(1/2),k x (k)^(2) x (k)^(1/2),(a)^(2) x (a)^(1/2) x (e)^(2),(d)^(2) x (d)^(1/2) x (j)^(2),(d)^(2) x (j)^(2) x (j)^(1/2),(f)^(2) x (f)^(1/2) x log(1+(f)),(h)^(2) x (h)^(1/2) x log(1+(h)),(h)^(2) x (h)^(1/2) x (i)^(2)
0,0.6809158802730186,-0.7431952304586809,-0.0735378359679197,-0.5145190906132632,0.0027871237354903148,0.00026187508447765307,0.12341656818632248,0.3157042211098214,4.62922203006856,3.924243485386699,0.5224579677614084,0.6937206405684708,-1.5185823789978232,-0.10547629519956048,0.019743969238222886,-0.12814546183593287,-0.22935382432145546,13.835463872050203,19.4292604301782,-5.0526296025020665,-0.9818876961315244,-0.14891793195362527,-4.28317083797276,-0.4104958223040775,-0.004704811619824041,18.27679209223624,18.844218035999244,-0.2289094125197813,-0.07159793143945567,0.4139344365814234
1,-0.6804851934417276,0.4452776786478969,-0.344488510463799,-0.046048844625293135,-0.061123647034064574,0.02692067028021448,0.006988295824600922,-0.3151055406984441,-4.3314358183338735,-2.871126288938489,0.0040493486753310545,0.5517913671515602,-1.5185823789978232,0.013048613839120886,-0.055414876912229794,0.07677701825447765,-0.08233073796319175,8.666633350363945,15.467119308500063,2.8342889823145314,0.5882877824128937,0.0007146764920660482,1.878730737075118,0.08828618989991094,-0.10324523837829612,15.859263521180262,15.661964149717555,0.0004334032724033496,-0.07159793143945567,0.3541743656047676
2,-0.9809323269511888,0.6037407331954407,-0.0735378359679197,1.1394676962422234,-0.004015150550254746,0.00026187508447765307,-0.8110781595920566,-0.943880776768794,-5.83279810511217,-2.859935234668453,2.3964263121847127,-1.195030459518111,-1.5185823789978232,0.13157352287780225,-0.016039175139372263,0.10410001559986573,-0.15135651310060638,4.978238817266778,12.083947451170678,3.5899497934852227,0.7976445128854829,0.5933290449992666,1.760222747308975,0.22006523174818404,-0.004704811619824041,13.645019889607775,12.840782815552915,0.4443288973739295,-0.07159793143945567,0.2944142946281117
3,-0.8588756789629702,1.0791298968380718,0.024305463155592105,1.2159526343627087,-0.0003840424248893712,-9.455257212752638e-06,-1.2294839079959758,-0.6335646164340959,-4.75937861786176,-1.5906931934237147,2.634416191451649,-1.4243008242685051,-1.5185823789978232,0.2500984319164837,0.009475417009636585,0.18606900763603,-0.4835569255507555,2.520485345891502,9.23401467716537,5.9798966051848375,1.4257147043032503,1.2076696063092618,1.9986182211993508,1.2566697872946642,-0.0005139588520289902,11.625638215358205,10.361047915729001,3.051630564427984,-0.07159793143945567,0.2346542236514559
4,-1.4128250813710392,0.9998983695643,0.24257128427727245,1.1872707825675268,-0.06292283290456213,-0.00939896011082801,-1.7266698108117748,-2.8201044153570085,-7.277321315770171,-1.4535780028450516,2.42148751393114,-1.7081593711023269,-1.5185823789978232,0.36862334095516497,0.08762256335216065,0.1724075089633359,-0.4151565352426155,1.0435780093709155,6.871590805459516,5.150376939353844,1.3210363390669555,1.066833186245307,1.028740425296566,0.9996951396780868,-0.05119167300439437,9.792695516271019,8.203133332469525,9.771191899077746,-0.07159793143945567,0.17489415267480007
5,-0.7086521122082394,0.36604615137412494,0.11462235465421855,0.680558067519314,-0.007047138929352543,-0.000991675585333846,-0.3022335968083825,-0.3558764566308692,-4.213771514818917,-2.066094764279713,0.8548509872471071,-0.943924821934346,-1.5185823789978232,0.13157352287780225,0.015157440675650504,0.06311551958178359,-0.05563804333435352,4.978238817266778,12.083947451170678,2.1765755286652304,0.483609417176599,0.12832383024733846,1.067217642916701,0.04904644509919951,-0.011430341334026577,13.645019889607775,12.840782815552915,0.4443288973739295,-0.07159793143945567,0.2944142946281117
6,-1.0936000020172367,0.6037407331954407,-0.14880191221677475,1.7131047321458612,-0.01832806526780305,0.002169637509889728,-2.5878579392889716,-1.307902913093609,-6.060081329091656,-2.025417789961637,5.2290031144723255,-1.7409122803523829,-1.5185823789978232,0.2500984319164837,-0.03245485673741486,0.10410001559986573,-0.15135651310060638,2.520485345891502,9.23401467716537,3.3455723647594966,0.7976445128854829,1.3410945672524552,1.118166806220666,0.22006523174818404,-0.019263605354098903,11.625638215358205,10.361047915729001,3.051630564427984,-0.07159793143945567,0.2346542236514559
7,-1.1499338395502607,0.6829722604692127,0.024305463155592105,1.9616807810374373,-0.0005141877817945145,-9.455257212752638e-06,-5.06440520391564,-1.5206125235167276,-5.923194705860982,-1.1831036665029533,6.610576686113375,-2.2758764647699703,-1.5185823789978232,0.36862334095516497,0.005996911950008736,0.1177615142725598,-0.19368959360918275,1.0435780093709155,6.871590805459516,3.5179221084956467,0.9023228781217776,1.9893025307027,0.7026725866219877,0.318573168018714,-0.0005139588520289902,9.792695516271019,8.203133332469525,9.771191899077746,-0.07159793143945567,0.17489415267480007
8,0.671526907350848,-0.7431952304586809,-0.1789075427163169,-0.3806704489024149,0.01626903585993321,0.003770922405917076,0.09131058744095473,0.3028239758958658,4.274414384776054,3.8701331071568257,0.2767234899195003,0.6937206405684708,-1.5185823789978232,0.013048613839120886,0.04803438901054916,-0.12814546183593287,-0.22935382432145546,13.835463872050203,19.4292604301782,-4.730598802513536,-0.9818876961315244,-0.08151590194145301,-4.28317083797276,-0.4104958223040775,-0.027846963747001827,17.111915494954644,18.233810973317546,0.0004334032724033496,-0.07159793143945567,0.4139344365814234
9,0.5964151239734826,-0.7431952304586809,-0.2165395808407444,-0.29462489351686905,0.02116724454502324,0.006686110027488279,0.062053435457682375,0.2121514202259404,3.546390417965982,3.4372500813178366,0.16021343119088724,0.6500500949017288,-1.5185823789978232,0.13157352287780225,0.05813811035780851,-0.12814546183593287,-0.22935382432145546,13.835463872050203,19.4292604301782,-4.419171040494724,-0.9818876961315244,-0.048829568541118064,-4.28317083797276,-0.4104958223040775,-0.040793891032124746,15.985393088612096,17.623403910635847,0.4443288973739295,-0.07159793143945567,0.4139344365814234
10,0.6527489615065066,-0.7431952304586809,-0.2842772494647148,-0.2277005726614449,0.03992744268534765,0.015128224407464173,0.05123387789025368,0.2781240652220805,3.6171468424587663,3.761912350697078,0.09238028903668373,0.6718853677350998,-1.5185823789978232,0.2500984319164837,0.0763248087828756,-0.12814546183593287,-0.22935382432145546,13.835463872050203,19.4292604301782,-4.118346316445631,-0.9818876961315244,-0.029165690002881408,-4.28317083797276,-0.4104958223040775,-0.07030800216853053,14.897224873208582,17.01299684795415,3.051630564427984,-0.07159793143945567,0.4139344365814234
11,0.8123615011834079,-0.9016582850062244,-0.3294356952140277,-0.19901872086626315,0.06673163074240353,0.0235436399083026,0.04925259669225584,0.536102707300106,4.18439320381834,4.681788780604927,0.06804097596143133,0.7046382769851566,-1.5185823789978232,0.36862334095516497,0.10730830580809317,-0.1554684591813209,-0.33758575582107353,13.835463872050203,19.4292604301782,-4.644352045795354,-1.1912444266041131,-0.02703154910843257,-5.19642257361056,-0.7330370618799954,-0.09441953484745608,13.847410848744106,16.402589785272447,9.771191899077746,-0.07159793143945567,0.4139344365814234
12,0.6527489615065066,-0.7431952304586809,-0.27675084183982873,-0.2468218071915661,0.03784122497195992,0.013958170394028935,0.057355769923425726,0.2781240652220805,3.8813614366473455,3.761912350697078,0.11244162154811686,0.6828030041517855,-1.5185823789978232,0.13157352287780225,0.07430406451342357,-0.12814546183593287,-0.22935382432145546,13.835463872050203,19.4292604301782,-4.419171040494724,-0.9818876961315244,-0.03426976019080804,-4.28317083797276,-0.4104958223040775,-0.06663439350110845,15.985393088612096,17.623403910635847,0.4443288973739295,-0.07159793143945567,0.4139344365814234
13,0.6903048531951893,-0.8224267577324526,-0.23159239609051585,-0.3806704489024149,0.02802403163990023,0.008179646438479458,0.1125371426705346,0.32894461422344473,3.8252592762555495,3.9783538636165727,0.258195934390492,0.7701440954852687,-1.5185823789978232,0.2500984319164837,0.06880852274329909,-0.14180696050862687,-0.2808630590913081,13.835463872050203,19.4292604301782,-4.55740035651652,-1.0865660613678192,-0.09020625562407047,-4.73979670579166,-0.5562777573060576,-0.046662622170972334,14.897224873208582,17.01299684795415,3.051630564427984,-0.07159793143945567,0.4139344365814234
14,0.6245820427399946,-0.7431952304586809,-0.2842772494647148,-0.2372611899265053,0.038204524533050385,0.015128224407464173,0.055134100086306495,0.24365115880342744,3.21715991102606,3.5995812160074574,0.09670213921171993,0.6828030041517855,-1.5185823789978232,0.36862334095516497,0.0763248087828756,-0.12814546183593287,-0.22935382432145546,13.835463872050203,19.4292604301782,-3.8281246303662537,-0.9818876961315244,-0.031666307014544856,-4.28317083797276,-0.4104958223040775,-0.07030800216853053,13.847410848744106,16.402589785272447,9.771191899077746,-0.07159793143945567,0.4139344365814234
15,1.4977565245018665,-1.13935286682754,0.7694198180192597,-2.063339087553084,0.6711337088569741,-0.2999519907427601,1.5802951417509448,3.3598791784161763,0.1045669376248702,0.20729151397163065,-0.8514494933400059,1.2396024614027432,-1.5185823789978232,-0.10547629519956048,-0.3166958147342386,-0.196452955199403,-0.5390346177698462,-0.05148852550850922,-0.00029811055189258765,-0.07954473120916386,-1.5052795223129969,-3.6714748384353375,-0.15768796653457948,-1.4790223891483978,-0.515047501199025,-0.004663861218374907,-0.0011791294423260665,-0.2289094125197813,-0.07159793143945567,-0.0641461312318232
16,-0.3988160057766075,0.5245092059216688,-0.03473664714447916,0.1040435642834753,-0.10733995733899472,-0.13963145324885198,1.227189492853688,-0.06343336332378363,-0.04848886498795167,-0.0551966706745256,-0.8419343085412158,0.003984115293099698,0.000300179087606996,-0.10547629519956048,0.11299199921107775,0.09043851692717167,-0.11423689455194268,-0.05148852550850922,-0.01831600459054326,0.06377090112356093,0.002351473401392288,1.2664749464882414,0.07259277833806893,0.14429767891241105,0.018021142319351525,-0.03204889202954864,-0.02422824082625559,-0.2289094125197813,-0.07159793143945567,-0.0641461312318232
17,-0.7368190309747513,0.7622037877429841,-0.032544489583832895,0.10961285589419023,-0.17407195554796026,-0.11482909990704394,1.6786970126042118,-0.4000207351104289,-0.08958396352201692,-0.10197674318572177,-0.9344815907887819,0.004539824941983677,0.000300179087606996,-0.10547629519956048,0.15383503259947073,0.13142301294525374,-0.24123613607767164,-0.05148852550850922,-0.01831600459054326,0.09267029412524827,0.0034171029089349217,2.042711968535311,0.1054900276055901,0.4428058073354845,0.015818359866298287,-0.03204889202954864,-0.02422824082625559,-0.2289094125197813,-0.07159793143945567,-0.0641461312318232
18,-0.3800380599322662,0.4452776786478969,-0.011938208513757962,0.08009561035740115,-0.01208143320066974,-0.005668094037914189,1.1094667310995063,-0.05488848921406947,-0.04620580395828138,-0.052597777757236924,-0.4989593833652968,0.004317541082430086,0.000300179087606996,-0.10547629519956048,0.03296679789045824,0.07677701825447765,-0.08233073796319175,-0.05148852550850922,-0.01831600459054326,0.05413777012299847,0.001996263565544743,0.6371789205572437,0.06162702858222852,0.08828618989991094,0.0021285548328692,-0.03204889202954864,-0.02422824082625559,-0.2289094125197813,-0.07159793143945567,-0.0641461312318232
19,-0.276759357788389,0.36604615137412494,-0.02640644841402336,0.017719544317393976,-0.04304625225927409,-0.06134081591182099,0.014636226058917647,-0.021198588399408733,-0.03364896829509479,-0.038303866712149234,-0.0244204050055522,-0.0010543188567817177,0.000300179087606996,-0.10547629519956048,0.05994493857569067,0.06311551958178359,-0.05563804333435352,-0.05148852550850922,-0.01831600459054326,0.04450463912243599,0.0016410537296971974,0.02563621988676244,0.0506612788263881,0.04904644509919951,0.010414214295098723,-0.03204889202954864,-0.02422824082625559,-0.2289094125197813,-0.07159793143945567,-0.0641461312318232
20,-0.5114836808426556,0.6037407331954407,-0.03385978412022067,0.10070198931704633,-0.1308016420633664,-0.12932191330168918,1.101060326097965,-0.1338120874300935,-0.06218723116597345,-0.07079002817825768,-0.7887218344515202,0.003835926053397304,0.000300179087606996,-0.10547629519956048,0.12677725476359886,0.10410001559986573,-0.15135651310060638,-0.05148852550850922,-0.01831600459054326,0.0734040321241234,0.002706683237239833,1.3656506701294766,0.08355852809390935,0.22006523174818404,0.017122804256235146,-0.03204889202954864,-0.02422824082625559,-0.2289094125197813,-0.07159793143945567,-0.0641461312318232
21,-0.5490395725313383,0.6037407331954407,-0.02728331143828184,-0.023493213601896483,-0.09116137210076217,-0.06765669958083634,-0.2614434457341337,-0.16550493318079332,-0.06675335322531402,-0.07598781401283503,-0.042927205611878363,-0.0038699144111272155,0.000300179087606996,-0.10547629519956048,0.1021537323665348,0.10410001559986573,-0.15135651310060638,-0.05148852550850922,-0.01831600459054326,0.0734040321241234,0.002706683237239833,0.07432730342937006,0.08355852809390935,0.22006523174818404,0.011117334763403956,-0.03204889202954864,-0.02422824082625559,-0.2289094125197813,-0.07159793143945567,-0.0641461312318232
22,-0.8588756789629702,0.8414353150167561,-0.03605194168086693,0.11128364337740472,-0.2490007579670241,-0.15610095009023814,1.568043722881399,-0.6335646164340959,-0.10442386021487386,-0.11886954714809818,-0.9631866079119584,0.004354588392355685,0.000300179087606996,-0.10547629519956048,0.18812914246508536,0.1450845116179478,-0.2939961405060735,-0.05148852550850922,-0.01831600459054326,0.10230342512581074,0.0037723127447824674,2.3243228492122947,0.11645577736143052,0.5957474693099808,0.019411712118763885,-0.03204889202954864,-0.02422824082625559,-0.2289094125197813,-0.07159793143945567,-0.0641461312318232
23,-0.5020947079204847,0.5245092059216688,-0.03605194168086693,0.10961285589419023,-0.14556467938920709,-0.15610095009023814,1.4666671300941545,-0.12657762183343382,-0.06104570065113828,-0.06949058171961331,-0.9344815907887819,0.004243446462578889,0.000300179087606996,-0.10547629519956048,0.11727041326179832,0.09043851692717167,-0.11423689455194268,-0.05148852550850922,-0.01831600459054326,0.06377090112356093,0.002351473401392288,1.4056886750927944,0.07259277833806893,0.14429767891241105,0.019411712118763885,-0.03204889202954864,-0.02422824082625559,-0.2289094125197813,-0.07159793143945567,-0.0641461312318232
24,-0.6617072475973863,0.6829722604692127,-0.03649037319299618,0.1046004934445468,-0.19653302823418808,-0.1618655702951129,1.1658840603056155,-0.28973280723119976,-0.0804517194033358,-0.0915811715165671,-0.8509719215854558,0.003872973363322903,0.000300179087606996,-0.10547629519956048,0.15455677616614355,0.1177615142725598,-0.19368959360918275,-0.05148852550850922,-0.01831600459054326,0.08303716312468586,0.0030618930730873786,1.6668003226867951,0.09452427784974976,0.318573168018714,0.01988671877316473,-0.03204889202954864,-0.02422824082625559,-0.2289094125197813,-0.07159793143945567,-0.0641461312318232
25,-0.8494867060407993,0.8414353150167561,-0.03210605807170365,0.11239750169954768,-0.19531860107801208,-0.11025048977021384,1.894034549111407,-0.6130131070584505,-0.10328232970003867,-0.1175701006894538,-0.9825645250835378,0.004762108801537271,0.000300179087606996,-0.10547629519956048,0.16753841516861667,0.1450845116179478,-0.2939961405060735,-0.05148852550850922,-0.01831600459054326,0.10230342512581074,0.0037723127447824674,2.3710848528386594,0.11645577736143052,0.5957474693099808,0.015395028457582748,-0.03204889202954864,-0.02422824082625559,-0.2289094125197813,-0.07159793143945567,-0.0641461312318232
26,-0.5208726537648259,0.5245092059216688,-0.0382440992415132,-0.00678533876975169,-0.16993133712464925,-0.1863429112627322,-0.06845468821149134,-0.1413170853769396,-0.06332876168080855,-0.07208947463690196,-0.003580888800197831,-0.0036846778614992213,0.000300179087606996,-0.10547629519956048,0.12440110334633254,0.09043851692717167,-0.11423689455194268,-0.05148852550850922,-0.01831600459054326,0.06377090112356093,0.002351473401392288,0.005386531829862924,0.07259277833806893,0.14429767891241105,0.021844162330418485,-0.03204889202954864,-0.02422824082625559,-0.2289094125197813,-0.07159793143945567,-0.0641461312318232
27,-0.6710962205195568,0.6037407331954407,-0.03692880470512546,0.10515742260561826,-0.20414010750091555,-0.16777039199507296,1.172091629794347,-0.3022416969068639,-0.08159324991817091,-0.0928806179752114,-0.8600577824475879,0.003872973363322903,0.000300179087606996,-0.10547629519956048,0.1382682318822287,0.10410001559986573,-0.15135651310060638,-0.05148852550850922,-0.01831600459054326,0.0734040321241234,0.002706683237239833,1.4891669478966536,0.08355852809390935,0.22006523174818404,0.020367467121530647,-0.03204889202954864,-0.02422824082625559,-0.2289094125197813,-0.07159793143945567,-0.0641461312318232
28,-0.4645388162318024,0.5245092059216688,-0.043505277387064265,0.0026824569684636783,-0.19611866914998685,-0.27431237031908473,0.02440972035590469,-0.10024576322427796,-0.056479578591797724,-0.06429279588503599,-0.0005596458550058276,-0.0034994413118712288,0.000300179087606996,-0.10547629519956048,0.1415147595492147,0.09043851692717167,-0.11423689455194268,-0.05148852550850922,-0.01831600459054326,0.06377090112356093,0.002351473401392288,0.0008418441285507662,0.07259277833806893,0.14429767891241105,0.02826769562282298,-0.03204889202954864,-0.02422824082625559,-0.2289094125197813,-0.07159793143945567,-0.0641461312318232
29,-0.5114836808426556,0.5245092059216688,-0.03780566772938395,0.10905592673311874,-0.16306421063703258,-0.18000737795915525,1.334599318294845,-0.1338120874300935,-0.06218723116597345,-0.07079002817825768,-0.9250097473835092,0.004058209912950896,0.000300179087606996,-0.10547629519956048,0.12297496532942573,0.09043851692717167,-0.11423689455194268,-0.05148852550850922,-0.01831600459054326,0.06377090112356093,0.002351473401392288,1.391440707943644,0.07259277833806893,0.14429767891241105,0.0213461889001575,-0.03204889202954864,-0.02422824082625559,-0.2289094125197813,-0.07159793143945567,-0.0641461312318232
30,-0.5678175183756796,0.6037407331954407,-0.02728331143828184,-0.023493213601896483,-0.09427922260562034,-0.06765669958083634,-0.2614434457341337,-0.18307386988165086,-0.06903641425498433,-0.0785867069301237,-0.042927205611878363,-0.0038699144111272155,0.000300179087606996,-0.10547629519956048,0.1021537323665348,0.10410001559986573,-0.15135651310060638,-0.05148852550850922,-0.01831600459054326,0.0734040321241234,0.002706683237239833,0.07432730342937006,0.08355852809390935,0.22006523174818404,0.011117334763403956,-0.03204889202954864,-0.02422824082625559,-0.2289094125197813,-0.07159793143945567,-0.0641461312318232
31,-0.642929301753045,0.6829722604692127,-0.03166762655957441,-0.007342267930823195,-0.14381602921087802,-0.1057952359311976,-0.05468760691962428,-0.26576002628273976,-0.0781686583736655,-0.08898227859927843,-0.004192839334477832,-0.003166015522540841,0.000300179087606996,-0.10547629519956048,0.13412979483642512,0.1177615142725598,-0.19368959360918275,-0.05148852550850922,-0.01831600459054326,0.08303716312468586,0.0030618930730873786,0.008212522385769142,0.09452427784974976,0.318573168018714,0.014977438742832246,-0.03204889202954864,-0.02422824082625559,-0.2289094125197813,-0.07159793143945567,-0.0641461312318232
32,0.07063264033192562,0.12835156955280955,-0.05227390762964935,0.04500907320989709,0.04305151288638368,-0.4758548116767198,0.0678946557751254,0.00035238411517915573,0.00858766075380563,0.009775652257691284,-0.15756070112071252,-0.0014247919560377042,0.000300179087606996,-0.10547629519956048,0.041609531947219947,0.022131023563701512,-0.006840731207315381,-0.05148852550850922,-0.01831600459054326,0.015605246120748638,0.0005754242221545632,0.057998180485935774,0.01776402955886692,0.0021144798529558733,0.04081092651230799,-0.03204889202954864,-0.02422824082625559,-0.2289094125197813,-0.07159793143945567,-0.0641461312318232
33,-0.6147623829865327,0.6037407331954407,-0.011499777001628715,-0.04131494675618423,-0.018134231996140976,-0.005066264073341677,-0.4252344176291567,-0.2323388610739319,-0.07474406682916003,-0.08508393922334538,-0.13275844556046315,-0.003721725171424821,0.000300179087606996,-0.10547629519956048,0.04305727861358133,0.10410001559986573,-0.15135651310060638,-0.05148852550850922,-0.01831600459054326,0.0734040321241234,0.002706683237239833,0.22986768240170746,0.08355852809390935,0.22006523174818404,0.0019750830405102482,-0.03204889202954864,-0.02422824082625559,-0.2289094125197813,-0.07159793143945567,-0.0641461312318232
34,-0.5114836808426556,0.5245092059216688,-0.01939154421995528,-0.028505576051539906,-0.04290121739751457,-0.02429163525915504,-0.2649152523983581,-0.1338120874300935,-0.06218723116597345,-0.07079002817825768,-0.06319859269553374,-0.0035364886217968275,0.000300179087606996,-0.10547629519956048,0.06307716861933824,0.09043851692717167,-0.11423689455194268,-0.05148852550850922,-0.01831600459054326,0.06377090112356093,0.002351473401392288,0.09506612747601324,0.07259277833806893,0.14429767891241105,0.005616054479621614,-0.03204889202954864,-0.02422824082625559,-0.2289094125197813,-0.07159793143945567,-0.0641461312318232
35,-0.5208726537648259,0.5245092059216688,-0.02421429085337709,-0.02015163863546752,-0.06812211311825947,-0.047297134617885934,-0.17191213389455567,-0.1413170853769396,-0.06332876168080855,-0.07208947463690196,-0.03158409936127506,-0.003388299382094432,0.000300179087606996,-0.10547629519956048,0.07876468680531358,0.09043851692717167,-0.11423689455194268,-0.05148852550850922,-0.01831600459054326,0.06377090112356093,0.002351473401392288,0.047510203756582,0.07259277833806893,0.14429767891241105,0.008756892768723702,-0.03204889202954864,-0.02422824082625559,-0.2289094125197813,-0.07159793143945567,-0.0641461312318232
36,-0.586595464220021,0.6037407331954407,-0.01939154421995528,0.08622183112918752,-0.04920129512918056,-0.02429163525915504,1.074514358179486,-0.20184411965251964,-0.07131947528465461,-0.08118559984741239,-0.5782055389728293,0.004095257222876494,0.000300179087606996,-0.10547629519956048,0.07260550549005804,0.10410001559986573,-0.15135651310060638,-0.05148852550850922,-0.01831600459054326,0.0734040321241234,0.002706683237239833,1.0011473592840607,0.08355852809390935,0.22006523174818404,0.005616054479621614,-0.03204889202954864,-0.02422824082625559,-0.2289094125197813,-0.07159793143945567,-0.0641461312318232
37,0.05185469448758428,0.04912004227903762,-0.039997825290030216,0.025516552572394883,0.018504352055301515,-0.2131712854142443,0.05377770797721002,0.00013943257235129024,0.006304599724135335,0.007176759340402606,-0.05063977422619683,-0.0016841231255168944,0.000300179087606996,-0.10547629519956048,0.01218433389256856,0.008469524891007463,-0.0010018844181281044,-0.05148852550850922,-0.01831600459054326,0.005972115120186172,0.00022021438630701802,0.007133715303989139,0.006798279803026507,0.0001185157845576023,0.023893472991112767,-0.03204889202954864,-0.02422824082625559,-0.2289094125197813,-0.07159793143945567,-0.0641461312318232
38,-0.3988160057766075,0.4452776786478969,-0.04262841436280577,0.003796315290606664,-0.16165307913449825,-0.2580578666231059,0.031681743716204955,-0.06343336332378363,-0.04848886498795167,-0.0551966706745256,-0.001120914048472046,-0.0033512520721688337,0.000300179087606996,-0.10547629519956048,0.11771634907111796,0.07677701825447765,-0.08233073796319175,-0.05148852550850922,-0.09758716862550967,0.05413777012299847,0.001996263565544743,0.0014314247356682606,0.06162702858222852,0.08828618989991094,0.027139689801105253,-0.05597580457215685,-0.0739088646897762,-0.2289094125197813,-0.07159793143945567,-0.0641461312318232
39,-0.6898741663638981,0.6037407331954407,-0.02859860597466962,-0.034074867662254836,-0.12585563207684372,-0.07792093573979585,-0.555747706574956,-0.3283293045921584,-0.0838763109478412,-0.09547951089250008,-0.09030589882161458,-0.004684955229490385,0.000300179087606996,-0.10547629519956048,0.10707843684594764,0.10410001559986573,-0.15135651310060638,-0.05148852550850922,-0.09758716862550967,0.0734040321241234,0.002706683237239833,0.15636223806095614,0.08355852809390935,0.22006523174818404,0.01221507817059959,-0.05597580457215685,-0.0739088646897762,-0.2289094125197813,-0.07159793143945567,-0.0641461312318232
40,-0.08897989934497558,0.20758309682658144,-0.025968016901894108,0.00045474032417770587,-0.013383895127342123,-0.05833590264921925,0.0015849222917802554,-0.000704491456004234,-0.010818357998391846,-0.012314937539262449,-1.6083282784588526e-05,-0.0021657381545496764,0.000300179087606996,-0.10547629519956048,0.0334300828162165,0.03579252223639555,-0.01789303995641539,-0.05148852550850922,-0.09758716862550967,0.0252383771213111,0.0009306340580021084,9.574849697485527e-06,0.028729779314707327,0.008944909687206192,0.010071266601893657,-0.05597580457215685,-0.0739088646897762,-0.2289094125197813,-0.07159793143945567,-0.0641461312318232
41,-0.5396505996091674,0.6037407331954407,-0.008430756416723924,-0.04187187591725572,-0.00855576390858861,-0.0019962695945414813,-0.3810241110793021,-0.15715854226607026,-0.06561182271047886,-0.07468836755419066,-0.1363617608040843,-0.0034994413118712288,0.000300179087606996,-0.10547629519956048,0.03156630149495143,0.10410001559986573,-0.15135651310060638,-0.05148852550850922,-0.09758716862550967,0.0734040321241234,0.002706683237239833,0.23610672595571405,0.08355852809390935,0.22006523174818404,0.0010615479250185077,-0.05597580457215685,-0.0739088646897762,-0.2289094125197813,-0.07159793143945567,-0.0641461312318232
42,-0.4645388162318024,0.4452776786478969,-0.02465272236550633,-0.01903778031332453,-0.06297451377384468,-0.04991306291231228,-0.1588777618931052,-0.10024576322427796,-0.056479578591797724,-0.06429279588503599,-0.028189046487548105,-0.0033512520721688337,0.000300179087606996,-0.10547629519956048,0.06807732623673153,0.07677701825447765,-0.08233073796319175,-0.05148852550850922,-0.09758716862550967,0.05413777012299847,0.001996263565544743,0.03599785235289174,0.06162702858222852,0.08828618989991094,0.009076873686068628,-0.05597580457215685,-0.0739088646897762,-0.2289094125197813,-0.07159793143945567,-0.0641461312318232
43,-0.09836887226714644,0.20758309682658144,-0.023337427829118563,0.0010116694852491863,-0.011950242350392971,-0.042342698337484136,0.0027321371910155982,-0.0009518600015766178,-0.011959888513227015,-0.013614383997906812,-7.960219900099658e-05,-0.0019064069850704864,0.000300179087606996,-0.10547629519956048,0.030043578144313486,0.03579252223639555,-0.01789303995641539,-0.05148852550850922,-0.09758716862550967,0.0252383771213111,0.0009306340580021084,4.738952247697948e-05,0.028729779314707327,0.008944909687206192,0.008134156015928914,-0.05597580457215685,-0.0739088646897762,-0.2289094125197813,-0.07159793143945567,-0.0641461312318232
44,-0.15470270980017048,0.12835156955280955,-0.025968016901894108,-0.0012160471590367847,-0.02326957952440121,-0.05833590264921925,-0.004684501102478894,-0.0037024888799526,-0.0188090716022379,-0.02141106274977285,-0.00011501344149095988,-0.002276880084326473,0.000300179087606996,-0.10547629519956048,0.020670293802035368,0.022131023563701512,-0.006840731207315381,-0.05148852550850922,-0.09758716862550967,0.015605246120748638,0.0005754242221545632,4.233651088408625e-05,0.01776402955886692,0.0021144798529558733,0.010071266601893657,-0.05597580457215685,-0.0739088646897762,-0.2289094125197813,-0.07159793143945567,-0.0641461312318232
45,1.3850888494358184,-1.13935286682754,0.2344603013028829,-0.13710676246048092,16.983582884704052,42.936587330429866,-11.641816926762347,2.6572529574282635,0.16840193283072608,0.19169815646789856,-1.462061077391877,0.01068967838963305,0.000300179087606996,-1.4746742519772196,-6.1944801279565525,-2.7466277063417475,2.015520744704641,-0.05148852550850922,-0.01831600459054326,-0.13852484988825067,-0.0051079331514061535,-4.7773718437706,-0.15768796653457948,-1.4790223891483978,0.821003785869042,-0.03204889202954864,-0.02422824082625559,-0.2289094125197813,3.742935306949487,-0.8968332449727113
46,1.3099770660584529,-1.218584394101312,0.2344603013028829,-0.13710676246048092,16.06258261881711,42.936587330429866,-11.641816926762347,2.247972931255766,0.1592696887120449,0.18130258479874384,-1.462061077391877,0.01068967838963305,0.000300179087606996,-1.4746742519772196,-6.625249326415348,-2.9376304363667862,2.305589563529417,-0.05148852550850922,-0.01831600459054326,-0.14815798088881316,-0.0054631429872537005,-5.1095941767784785,-0.16865371629041992,-1.8095343681250096,0.821003785869042,-0.03204889202954864,-0.02422824082625559,-0.2289094125197813,3.742935306949487,-0.8968332449727113
47,0.6903048531951893,-0.9808898122799964,0.2344603013028829,-0.13710676246048092,8.464330425249887,42.936587330429866,-11.722651047419765,0.32894461422344473,0.08392867473292527,0.09553911852821756,-1.462061077391877,0.010726725699558652,0.000300179087606996,-1.4746742519772196,-5.332941731038968,-2.364622246291672,1.4938645499097678,-0.05148852550850922,-0.01831600459054326,-0.11925858788712575,-0.0043975134797110665,-4.112927177754844,-0.1357564670228987,-0.943758055637376,0.821003785869042,-0.03204889202954864,-0.02422824082625559,-0.2289094125197813,3.742935306949487,-0.8968332449727113
48,0.16452236955363236,-0.10934301226850586,4.485419170989445,-2.617205138238681,2.009790968509407,42.69616829316154,-11.594527739722881,0.004453227349098119,0.03086689771887385,0.022770116844134675,-1.8014798408363093,3.926972130636032,2.1135873604828244,-1.4746742519772196,-0.5933688928244416,-0.2635922160162545,0.018563199907664737,-0.05148852550850922,-0.09758716862550967,-0.020514411414827717,-0.1800823583127011,-0.454764365778883,-0.015133219708654269,-0.0013072935006194367,15.677109874151164,-0.08637716241240567,-0.09181123413685532,-0.2289094125197813,3.742935306949487,-0.8968332449727113
49,0.5588592322848002,-0.3470375940898216,4.485419170989445,-2.617205138238681,6.8269758134497645,42.69616829316154,-11.594527739722881,0.1745449505186473,0.10485048816756748,0.07734686810719686,-1.8014798408363093,3.926972130636032,2.1135873604828244,-1.4746742519772196,-1.8832599239891896,-0.8366004060913689,0.18699234212590912,-0.05148852550850922,-0.09758716862550967,-0.0651095285731501,-0.57155319823635,-1.4433508653496665,-0.04803046897617549,-0.04179550447159865,15.677109874151164,-0.08637716241240567,-0.09181123413685532,-0.2289094125197813,3.742935306949487,-0.8968332449727113
50,0.16452236955363236,-0.1885745395422778,4.485419170989445,-2.617205138238681,2.009790968509407,42.69616829316154,-11.594527739722881,0.004453227349098119,0.03086689771887385,0.022770116844134675,-1.8014798408363093,3.926972130636032,2.1135873604828244,-1.4746742519772196,-1.0233325698793578,-0.4545949460412927,0.05521243302885511,-0.05148852550850922,-0.09758716862550967,-0.03537945046760185,-0.3105726382872508,-0.7842931989691443,-0.026098969464494682,-0.006705777940366525,15.677109874151164,-0.08637716241240567,-0.09181123413685532,-0.2289094125197813,3.742935306949487,-0.8968332449727113
51,-2.7460592363192733,2.441912165946948,-0.0036080097833021134,-0.0363025843065408,-0.007973671852916453,-0.00015646697494712663,-0.1997883555016813,-20.70759698214665,-0.00032315463093610043,-0.2832182459426228,-0.0031888814276056685,-0.002721447803433658,0.000300179087606996,-0.10547629519956048,0.05463921178987837,0.4210467848063674,-2.476054704816305,0.03312203342501757,-0.00029811055189258765,0.0002873627831214099,0.010947551428902878,0.7178243203795076,0.25184965831707085,14.560963585228267,0.00019442044606984656,-7.861273972544753e-06,-4.841000642980903e-05,-0.2289094125197813,-0.07159793143945567,0.05537401072148845
52,-2.6615584800197376,2.346834333218421,-0.000977420710526606,-0.04187187591725572,-0.00056716853789646,-3.1107433249013525e-06,-0.2562176061876596,-18.854196929770872,-0.00031321063178464773,-0.27450315499940725,-0.004242365891682611,-0.002869637043136052,0.000300179087606996,-0.10547629519956048,0.01422560189689833,0.4046529863991344,-2.286993997029126,0.03312203342501757,-0.00029811055189258765,0.00027617407985557134,0.010521299625885822,0.917783645048992,0.2420436873979975,12.925498435067144,1.4268213405489014e-05,-7.861273972544753e-06,-4.841000642980903e-05,-0.2289094125197813,-0.07159793143945567,0.05537401072148845
53,-2.614613615408884,2.330988027763667,-0.006238598856077661,-0.03797337178975527,-0.022698370751136992,-0.0008088737664548865,-0.26975439131400725,-17.87403299183456,-0.00030768618781161836,-0.26966143780873186,-0.003489165812983834,-0.0030919209026896424,0.000300179087606996,-0.10547629519956048,0.0901848910227091,0.4019206866645956,-2.2562137637389847,0.03312203342501757,-0.00029811055189258765,0.0002743092959779316,0.010450257658716312,0.7497412574059144,0.2404093589114853,12.665435536373069,0.0005812736614754282,-7.861273972544753e-06,-4.841000642980903e-05,-0.2289094125197813,-0.07159793143945567,0.05537401072148845
54,-0.042035034734122435,0.21550624955395847,-0.3800745348649534,0.04073928297501664,-0.0036869633500580673,-0.025976827768584967,0.003548435720311647,-7.427355851248568e-05,-0.00038182648080477,-0.004335335759724021,-9.604481926384117e-05,-0.5506326379480758,2.1135873604828244,-0.10547629519956048,0.02650261528313788,0.037158672103664935,-0.019285011239120558,0.03312203342501757,-0.01831600459054326,0.001957557389427488,0.3549277895829515,0.00021717333247141629,0.022226505962105517,0.010008744592795207,0.1125634712975642,-0.0023944083334076108,-0.006622385825843194,-0.2289094125197813,-0.07159793143945567,0.05537401072148845
55,-0.4082049786987784,0.4611239841026513,-0.2960418283735133,-0.4929844963851637,-0.02172222548061576,-0.012275495464792945,-0.16981608754913732,-0.06801972815886355,-0.0037079419928970968,-0.042100729846991584,-0.014064156966280677,-1.0950222754659005,2.1135873604828244,-0.10547629519956048,0.04417035399946224,0.07950931798901646,-0.08829489232414893,0.03312203342501757,-0.01831600459054326,0.004188633343073312,0.7594476575040552,0.06804623476767194,0.04755859750304476,0.0980512499379004,0.06829141129423949,-0.0023944083334076108,-0.006622385825843194,-0.2289094125197813,-0.07159793143945567,0.05537401072148845
56,-1.0654330832507246,0.9761289113821682,0.1157184334345448,-1.6031299574543385,-0.008662657304517455,0.0007331408754997081,-1.5884394574608158,-1.20942386588911,-0.009677892912037168,-0.10988477051644613,-0.14872522725235227,-1.8571677679908545,2.1135873604828244,-0.10547629519956048,-0.03654852144004301,0.16830905936152765,-0.3956530432323563,0.03312203342501757,-0.01831600459054326,0.00886669582652423,1.6076344773386269,1.5232265476047997,0.1006742733146915,0.93008261832641,0.010434340951696696,-0.0023944083334076108,-0.006622385825843194,-0.2289094125197813,-0.07159793143945567,0.05537401072148845
57,-0.5678175183756796,0.5720481222859319,-0.5565432184969782,0.8199760008408798,-0.1067889809767722,-0.08155986204647363,0.004848278749601472,-0.18307386988165086,-0.005157787216116829,-0.05856256829528767,-0.0389089458551652,0.14346414988715092,2.1135873604828244,-0.10547629519956048,0.10301288499996662,0.0986354161307881,-0.13588305024595135,0.03312203342501757,-0.01831600459054326,0.005196216031816589,0.9421340494684246,0.2335364704057818,0.058998896908630215,0.18719648649994705,0.24135579052890144,-0.0023944083334076108,-0.006622385825843194,-0.2289094125197813,-0.07159793143945567,0.05537401072148845
58,2.727711977306224,-2.1614395686591967,-0.6153661130409867,-0.06600547289701904,0.6271703650717303,-0.11025048977021384,-0.02217493760952696,20.295302650060624,0.024777252392714114,0.28132597849012025,-0.0002521198705384187,-1.0814125345279548,2.1135873604828244,-0.10547629519956048,-0.4303648222902185,-0.37268628807715604,-1.9399313154484188,0.03312203342501757,-0.01831600459054326,-0.01963350022649983,-3.559780609653534,-0.005717719633610981,-0.2229227670147257,-10.097858786471695,0.295071378770336,-0.0023944083334076108,-0.006622385825843194,-0.2289094125197813,-0.07159793143945567,0.05537401072148845
59,1.8733154413886928,-1.519664197741645,-0.5481399478478344,-0.3755652649259236,0.3417540624806086,-0.07792093573979585,-0.20167870289485687,6.574046003390683,0.017016316197832015,0.19320672561982927,-0.008162402730893834,-1.367217094224813,2.1135873604828244,-0.10547629519956048,-0.2695250757120113,-0.2620281488283344,-0.958948804777449,0.03312203342501757,-0.01831600459054326,-0.013803914670199455,-2.5028093418596837,-0.13014825027826166,-0.15673246331098128,-3.509481001549018,0.2341223316031588,-0.0023944083334076108,-0.006622385825843194,-0.2289094125197813,-0.07159793143945567,0.05537401072148845
60,1.9014823601552049,-1.4879715868321362,0.040088997592248564,-1.6885257621519674,0.00185550683950717,3.048283729401096e-05,-2.1158758779864373,6.875066488870484,0.01727217123722373,0.1961117559342345,-0.1649918772475201,-2.0885333639359307,2.1135873604828244,-0.10547629519956048,0.019301005124749183,-0.2565635493592568,-0.9193681093354256,0.03312203342501757,-0.01831600459054326,-0.013516033901987093,-2.4506132298698637,-2.5759052554888635,-0.15346380633795684,-3.29445754306836,0.001252305610756034,-0.0023944083334076108,-0.006622385825843194,-0.2289094125197813,-0.07159793143945567,0.05537401072148845
61,1.948427224766058,-1.5513568086511538,-0.1952025805837848,-0.8345677151756787,0.0450790923678532,-0.0035191393245567883,-0.4661855128408616,7.396948033316683,0.017698596302876592,0.20095347312490972,-0.04030605954089627,-1.3944365761007045,2.1135873604828244,-0.10547629519956048,-0.09798449112640377,-0.26749274829741204,-0.9993636541330588,0.03312203342501757,-0.01831600459054326,-0.014091795438411818,-2.555005453849503,-0.656076861181166,-0.1600011202840057,-3.733662761174159,0.029691425021785338,-0.0023944083334076108,-0.006622385825843194,-0.2289094125197813,-0.07159793143945567,0.05537401072148845
62,0.8311394470277491,-0.7035794668217948,-0.4304941587598181,-0.6531016301932178,0.09352512248335876,-0.03774692567017013,-0.4395075949181783,0.5741451295170655,0.007549679740338469,0.08572060398683704,-0.024683612344574647,-1.5305339854801598,2.1135873604828244,-0.10547629519956048,-0.098003257262841,-0.12131471249958585,-0.2055542551714963,0.03312203342501757,-0.01831600459054326,-0.006390984888731075,-1.1587594581218228,-0.1822193766912477,-0.07256454625560255,-0.3482887685139827,0.1444090657473906,-0.0023944083334076108,-0.006622385825843194,-0.2289094125197813,-0.07159793143945567,0.05537401072148845
63,-0.4739277891539729,0.5245092059216688,-0.15318622733806467,-0.7278229593036427,-0.006752607087830589,-0.0017007440427316096,-0.28949608087123313,-0.10644775928238323,-0.004304937084811104,-0.04887913391393702,-0.03065481392835805,-1.176680721093574,2.1135873604828244,-0.10547629519956048,0.02599758017976031,0.09043851692717167,-0.11423689455194268,0.03312203342501757,-0.01831600459054326,0.004764394879498039,0.8638398814836948,0.16870365136365253,0.05409591144909359,0.14429767891241105,0.01828518561728,-0.0023944083334076108,-0.006622385825843194,-0.2289094125197813,-0.07159793143945567,0.05537401072148845
64,-0.830708760196458,0.7463574822882298,-0.11116987409234463,-1.2295233119022124,-0.006233656719320913,-0.0006500415814909044,-1.0796010456895675,-0.5732530458831891,-0.0075457675837728565,-0.08567618456306947,-0.08748240553370258,-1.74828984048729,2.1135873604828244,-0.10547629519956048,0.02684689692974551,0.12869071321071496,-0.2313097506271809,0.03312203342501757,-0.01831600459054326,0.0067795602569845894,1.2292126654124331,0.6850784247209241,0.07697651026026449,0.4157580558870799,0.009630174571020049,-0.0023944083334076108,-0.006622385825843194,-0.2289094125197813,-0.07159793143945567,0.05537401072148845
65,-0.5020947079204847,0.484893442284783,-0.42209088811067424,-0.4609610696235525,-0.05431470965940418,-0.035579326892103184,-0.21885057850521936,-0.12657762183343382,-0.004560792124202819,-0.05178416422834218,-0.012296334786669251,-1.285558648597139,2.1135873604828244,-0.10547629519956048,0.06622353785672723,0.08360776759082468,-0.09763213351257816,0.03312203342501757,-0.01831600459054326,0.004404543919232586,0.7985947414964203,0.06255970219640906,0.05001009023281308,0.11400894640396972,0.13882634383659515,-0.0023944083334076108,-0.006622385825843194,-0.2289094125197813,-0.07159793143945567,0.05537401072148845
66,-0.6147623829865327,0.5799712750133089,-0.6321726543392752,0.9480697078873233,-0.1491758638791695,-0.11953275086141553,0.009250375618526327,-0.2323388610739319,-0.005584212281769689,-0.06340428548596297,-0.0520148945794048,0.1842933727009875,2.1135873604828244,-0.10547629519956048,0.11863211705382835,0.10000156599805747,-0.13967321403021632,0.03312203342501757,-0.01831600459054326,0.005268186223869677,0.9551830774658792,0.3165241781361375,0.0598160611518863,0.19508301217912494,0.3114091319054289,-0.0023944083334076108,-0.006622385825843194,-0.2289094125197813,-0.07159793143945567,0.05537401072148845
67,-0.3143152494770717,0.3581229986467479,-0.47251051200553795,-0.1727502287690552,-0.04260967935485988,-0.04991306291231228,-0.04826132847759093,-0.031052484661717568,-0.0028550918615913717,-0.03241729546564091,-0.0017269686108773894,-0.9861443479623354,2.1135873604828244,-0.10547629519956048,0.05475247779269378,0.06174936971451421,-0.05325551427926495,0.03312203342501757,-0.01831600459054326,0.003253020846383128,0.5898102935371409,0.006489172801084778,0.0369354623407154,0.04593002024573467,0.17397341231631536,-0.0023944083334076108,-0.006622385825843194,-0.2289094125197813,-0.07159793143945567,0.05537401072148845
68,-0.6241513559087036,0.6275101913775721,-0.16999276863635246,-0.8879400931116969,-0.010951426110430786,-0.0023241873789018306,-0.5057282446859256,-0.24314746996330944,-0.005669497294900264,-0.06437262892409808,-0.04562622248056453,-1.4080463170386497,2.1135873604828244,-0.10547629519956048,0.034515273687110166,0.10819846520167392,-0.16350902374738835,0.03312203342501757,-0.01831600459054326,0.005700007376188224,1.0334772454506091,0.300405569612447,0.06471904661142293,0.2470940858263708,0.02251753397609261,-0.0023944083334076108,-0.006622385825843194,-0.2289094125197813,-0.07159793143945567,0.05537401072148845
69,1.9202603059995456,-1.4562789759226271,-0.3212516403209456,-0.34354183816431305,0.120329102363357,-0.015686131752414647,-0.0907503811233734,7.080767166420884,0.017442741263484874,0.19804844281050452,-0.006829775868673688,-0.9589248660864442,2.1135873604828244,-0.10547629519956048,-0.15137355981548506,-0.2510989498901791,-0.8806215678069879,0.03312203342501757,-0.01831600459054326,-0.013228153133774723,-2.3984171178800437,-0.10435751150574216,-0.1501951493649324,-3.0884013892770485,0.08041751338477399,-0.0023944083334076108,-0.006622385825843194,-0.2289094125197813,-0.07159793143945567,0.05537401072148845
70,0.6339710156621653,-0.4104228159088389,0.21655768122427327,-2.0941558344657047,0.018052462551013268,0.004805079469311382,-3.2377759879627748,0.2548051543123343,0.005758694464596448,0.06538539178600067,-0.2537845467669902,-2.319898959881006,2.1135873604828244,-0.10547629519956048,0.028758430394634594,-0.0707671674106179,-0.06994604289032089,0.03312203342501757,-0.01831600459054326,-0.0037280877827667045,-0.6759454222159894,-1.0928721341950491,-0.042329469255126685,-0.06913444602956577,0.03654324566517444,-0.0023944083334076108,-0.006622385825843194,-0.2289094125197813,-0.07159793143945567,0.05537401072148845
71,1.948427224766058,-1.5355105031963994,-0.5481399478478344,-0.2367970822922769,0.3554569106727684,-0.07792093573979585,-0.09637888893939596,7.396948033316683,0.017698596302876592,0.20095347312490972,-0.0032448892258316823,-1.1902904620315196,2.1135873604828244,-0.10547629519956048,-0.27233554968632445,-0.26476044856287323,-0.9790519602160556,0.03312203342501757,-0.01831600459054326,-0.013947855054305637,-2.528907397854593,-0.05227876864603216,-0.1583667917974935,-3.620415156440082,0.2341223316031588,-0.0023944083334076108,-0.006622385825843194,-0.2289094125197813,-0.07159793143945567,0.05537401072148845
72,0.5870261510513121,-0.32326813590769005,-0.5061235946021143,-0.0019586193737978195,0.09130414228040837,-0.06134081591182099,-0.0003684516209054842,0.2022890367291248,0.005332269398943586,0.060543674595325364,-2.219970859461387e-07,-0.8092177157690426,2.1135873604828244,-0.10547629519956048,-0.05293946809089255,-0.055739518870654495,-0.04339362746197893,0.03312203342501757,-0.01831600459054326,-0.0029364156701827053,-0.5324061142439851,-7.529789849761869e-07,-0.03334066257930955,-0.033782259740680484,0.1996057739893922,-0.0023944083334076108,-0.006622385825843194,-0.2289094125197813,-0.07159793143945567,0.05537401072148845
73,-0.8119308143521167,0.785973245925116,-0.10276660344320004,-1.1227785560301762,-0.005206464292977455,-0.0005134945107147874,-0.8102844040024405,-0.5352504882345037,-0.007375197557511711,-0.08373949768679935,-0.07295169727162609,-1.584972949231943,2.1135873604828244,-0.10547629519956048,0.02613484066172693,0.13552146254706202,-0.25651672390040153,0.03312203342501757,-0.01831600459054326,0.007139411217250045,1.2944578053997084,0.6016111083468336,0.08106233147654503,0.4855380720064502,0.008229319764757406,-0.0023944083334076108,-0.006622385825843194,-0.2289094125197813,-0.07159793143945567,0.05537401072148845
74,-0.586595464220021,0.6037407331954407,-0.3548647229175218,-0.6637761057804212,-0.044852248711319466,-0.021143081397752082,-0.3780551497166871,-0.20184411965251964,-0.005328357242377974,-0.06049925517155781,-0.02549707793158605,-1.4080463170386497,2.1135873604828244,-0.10547629519956048,0.0693223691704496,0.10410001559986573,-0.15135651310060638,0.03312203342501757,-0.01831600459054326,0.005484096800028953,0.9943301614582444,0.16151526420620066,0.062267553881654635,0.22006523174818404,0.09812633738610396,-0.0023944083334076108,-0.006622385825843194,-0.2289094125197813,-0.07159793143945567,0.05537401072148845
75,1.2724211743697702,-0.965043506825242,-0.27083201642608096,-1.0160338001581402,0.05666967977479519,-0.00939896011082801,-0.8783075371996052,2.0601206851612406,0.011558075357475371,0.1312327455791851,-0.059739762698614016,-1.7346800995493437,2.1135873604828244,-0.10547629519956048,-0.08456818051541817,-0.16639765811947618,-0.3867176058160232,0.03312203342501757,-0.01831600459054326,-0.008766001226483081,-1.5893773820378363,-0.60489928208536,-0.09953096628305398,-0.8987536744098732,0.05715575141267335,-0.0023944083334076108,-0.006622385825843194,-0.2289094125197813,-0.07159793143945567,0.05537401072148845
76,-1.1874897312389432,1.1662845768392207,0.34260674096143345,-2.072806883291297,-0.08463335058862953,0.019026876878043383,-2.5636736162170437,-1.6745171055779031,-0.010786598082734607,-0.12247323521220195,-0.24863648984316536,-2.074923622997984,2.1135873604828244,-0.10547629519956048,-0.12928868754978687,0.2010966561759933,-0.5648189034534086,0.03312203342501757,-0.01831600459054326,0.010593980435798416,1.9208111492775457,3.042580526954967,0.12028621515283801,1.58640327375267,0.09146432625880907,-0.0023944083334076108,-0.006622385825843194,-0.2289094125197813,-0.07159793143945567,0.05537401072148845
77,-1.7226611878026712,1.5941348241175883,-0.15318622733806467,-1.1441275072045831,-0.024544781742916005,-0.0017007440427316096,-0.9582426120207108,-5.112103135542477,-0.015647843831177243,-0.1776688111859007,-0.07575233702891622,-1.7074606176734537,2.1135873604828244,-0.10547629519956048,0.07901414777748318,0.2748687490085411,-1.0552375978265378,0.03312203342501757,-0.01831600459054326,0.014480370806665331,2.6254586611401125,1.2670500425597715,0.1644130842886676,4.05112036884237,0.01828518561728,-0.0023944083334076108,-0.006622385825843194,-0.2289094125197813,-0.07159793143945567,0.05537401072148845
78,1.0940306888485278,-0.7669646886408122,-0.0943633327940562,-1.261546738663823,0.0059150158355368325,-0.0003975480343994599,-1.1250331290952325,1.3094487756471844,0.0099376601079945,0.11283422025461888,-0.09209877888169304,-1.7618995814252356,2.1135873604828244,-0.10547629519956048,-0.023417403066798063,-0.13224391143774106,-0.24425918124662035,0.03312203342501757,-0.01831600459054326,-0.006966746425155802,-1.263151682101462,-0.7411428518280451,-0.07910186020165137,-0.4511553460164991,0.006938514092824707,-0.0023944083334076108,-0.006622385825843194,-0.2289094125197813,-0.07159793143945567,0.05537401072148845
79,-0.5772064912978501,0.6275101913775721,-0.47251051200553795,0.691882293794437,-0.07824813958808323,-0.04991306291231228,0.0026858265400653805,-0.19230634764022397,-0.005243072229247399,-0.059530911733422724,-0.02770203124317837,0.11624466801125967,2.1135873604828244,-0.10547629519956048,0.09593837298335586,0.10819846520167392,-0.16350902374738835,0.03312203342501757,-0.01831600459054326,0.005700007376188224,1.0334772454506091,0.18239170421293746,0.06471904661142293,0.2470940858263708,0.17397341231631536,-0.0023944083334076108,-0.006622385825843194,-0.2289094125197813,-0.07159793143945567,0.05537401072148845
80,-0.642929301753045,0.6512796495597039,-0.42209088811067424,-0.5890547766699961,-0.06954966424734824,-0.035579326892103184,-0.3552364364520737,-0.26576002628273976,-0.005840067321161409,-0.06630931580036821,-0.020079761297209658,-1.4488755398524862,2.1135873604828244,-0.10547629519956048,0.08894746508574634,0.11229691480348217,-0.17613074597056266,0.03312203342501757,-0.01831600459054326,0.0059159179523474974,1.0726243294429745,0.13721409852905242,0.06717053934119127,0.2762501510431961,0.13882634383659515,-0.0023944083334076108,-0.006622385825843194,-0.2289094125197813,-0.07159793143945567,0.05537401072148845
81,-0.642929301753045,0.6354333441049494,-0.39688107616324186,0.5637885867479935,-0.06148991139018627,-0.029577466543537306,0.0009211631146452439,-0.26576002628273976,-0.005840067321161409,-0.06630931580036821,-0.018394150743444214,0.07541544519742248,2.1135873604828244,-0.10547629519956048,0.08160006088923571,0.10956461506894334,-0.16766412986884735,0.03312203342501757,-0.01831600459054326,0.005771977568241314,1.0465262734480645,0.12263725602915865,0.06553621085467905,0.256572438345982,0.1227384729101872,-0.0023944083334076108,-0.006622385825843194,-0.2289094125197813,-0.07159793143945567,0.05537401072148845
82,-0.699263139286069,0.6671259550144583,-0.2372189338295048,-0.8772656175244933,-0.02389236822953571,-0.006315792392853974,-0.5695481752867068,-0.3419179545742274,-0.006351777399944844,-0.0721193764291786,-0.0445358144188496,-1.5033145036042688,2.1135873604828244,-0.10547629519956048,0.051205578600678654,0.11502921453802098,-0.18480590055067447,0.03312203342501757,-0.01831600459054326,0.006059858336453681,1.0987223854378845,0.3117381250862176,0.06880486782770348,0.2969091027484762,0.04384889278453605,-0.0023944083334076108,-0.006622385825843194,-0.2289094125197813,-0.07159793143945567,0.05537401072148845
83,-0.7555969768190927,0.7225880241060983,-0.2876385577243695,-0.8772656175244933,-0.03795808387308375,-0.01125955182492338,-0.6331031566553738,-0.4313905575503568,-0.0068634874787282755,-0.07792943705798895,-0.0445358144188496,-1.584972949231943,2.1135873604828244,-0.10547629519956048,0.06725087705463388,0.12459226360890675,-0.2168111820984381,0.03312203342501757,-0.01831600459054326,0.006563649680825318,1.1900655814200685,0.3376547324406045,0.07452501753049619,0.3772873798206013,0.06446947553272109,-0.0023944083334076108,-0.006622385825843194,-0.2289094125197813,-0.07159793143945567,0.05537401072148845
84,-0.1922586014888532,0.2868146241003533,-0.4809137826546821,0.008715856213406032,-0.026998528291527667,-0.05262371066919192,0.0015311624250178974,-0.007106525792993659,-0.001746386690893931,-0.01982883076988508,-4.396097294454196e-06,-0.7819982338931508,2.1135873604828244,-0.10547629519956048,0.04463017665396842,0.04945402090908959,-0.03415881066542812,0.03312203342501757,-0.01831600459054326,0.002605289117905309,0.4723690415600463,1.3229434182186438e-05,0.029580984151410483,0.023594124898792708,0.18021642903308985,-0.0023944083334076108,-0.006622385825843194,-0.2289094125197813,-0.07159793143945567,0.05537401072148845
85,0.07063264033192562,0.4452776786478969,1.9209601846267448,-1.6617931624205369,0.1972800928711522,-4.667848305895251,0.6551067553143559,0.00035238411517915573,0.14782180061862707,0.4245049677634792,-3.023859127480444,-0.8893366398509183,-1.5185823789978232,0.13157352287780225,0.3090081931646069,0.07677701825447765,-0.08233073796319175,-14.733841849610796,-1.1602220909547705,0.9318885422334041,0.5882877824128937,0.9307348080571868,2.67613649627062,0.08828618989991094,-3.2103861621023637,-2.1991090065407968,-1.5973274084564602,0.4443288973739295,-0.07159793143945567,-0.4227065570917581
86,0.20207826124231493,0.20758309682658144,1.76290562450415,-1.814763038661508,0.4753558237932493,-3.6078529982356966,0.21310505083995696,0.00825199182731576,0.2484524451018492,0.6247962853586272,-2.76403021378581,-0.4853840924335572,-1.5185823789978232,0.13157352287780225,0.1322031357467201,0.03579252223639555,-0.01789303995641539,-5.4366110520888205,-0.6228100307829761,0.2552205648015464,0.2742526867040101,0.5174554117642484,0.6418164279678088,0.008944909687206192,-2.7038255939389155,-1.0499667469472216,-0.8086592743469282,0.4443288973739295,-0.07159793143945567,-0.3031864151384465
87,0.1363554507871201,0.04912004227903762,1.76290562450415,-1.9199298285771744,0.32075373787924616,-3.6078529982356966,0.12769205630581906,0.0025352308470521657,0.06426645707288446,0.1547143857381057,-1.9154363958526188,-0.3652900918500171,-1.5185823789978232,0.36862334095516497,0.031283007704260686,0.008469524891007463,-0.0010018844181281044,-1.2086130823672585,-0.2838417836814384,0.02315104435005267,0.06489595623142091,0.13704731765793382,0.055733578120728336,0.0001185157845576023,-2.7038255939389155,-0.3097447571566525,-0.2965105467893482,9.771191899077746,-0.07159793143945567,-0.18366627318513487
88,0.9344181491716266,-0.3470375940898216,0.4683635130238383,-1.1168379783120823,0.15514881778303516,-0.06765669958083634,0.1973789752346294,0.8158753188155441,0.555433203205707,0.12932472645297036,-0.7278916373177577,0.595461912818302,-1.5185823789978232,0.13157352287780225,-0.05871922094794563,-0.05983796847246271,-0.05000957987088269,-0.05148852550850922,-0.2838417836814384,-0.2062847373940589,-0.4584958699500518,-0.32764079218899056,-0.04803046897617549,-0.04179550447159865,-0.1908475801051012,-0.3906453704273841,-0.33298870660880525,0.4443288973739295,-0.07159793143945567,-0.0641461312318232
89,-0.3049262765549008,-1.414637407285509,-0.547701516335708,0.32681522871207114,-0.06923470293134745,0.10819158262256158,-0.028841287681414318,-0.028352055602317162,-0.6381575294999315,-1.8326190071740585,-0.11695322176056068,0.4207797301513347,-1.5185823789978232,1.839542108136532,-1.0465992104866904,-3.4102536715396417,3.107141628298133,-14.733841849610796,-1.1602220909547705,-2.9605894354892377,-1.8689773666117009,-0.11436438645425427,-8.502026883813294,-2.8309709564639216,-0.2609807257601357,-2.1991090065407968,-1.5973274084564602,0.4443288973739295,3.742935306949487,-5.909901127127869
90,0.9062512304051146,-0.3661961071462361,-0.09611705884257647,-0.7726557567699001,0.006337101324475055,0.0005847403493962011,0.4016545549574196,0.7442962444495301,1.114223433468269,2.8019956173308294,-0.5010430295638658,1.0212497330690342,-1.5185823789978232,1.839542108136532,-0.047545072917430375,-0.8827856611647853,0.20820838717442047,-5.4366110520888205,-0.6228100307829761,-0.4502330812227393,-0.4838075343355439,-0.16547291154687382,-1.1322245453379232,-0.04910674742108357,-0.008037509402909196,-1.0499667469472216,-0.8086592743469282,0.4443288973739295,3.742935306949487,-4.238878499742817
91,0.8968622574829439,-0.5240724376557164,-0.14880191221677475,-0.7152920531795361,0.01503086133966329,0.002169637509889728,0.3798274872699861,0.7214018374470144,0.5331093760857135,1.0176160355686437,-0.29857482225479376,1.0321673694857196,-1.5185823789978232,1.839542108136532,-0.10533947593656418,-1.2633767108545229,0.4264355599644175,-1.2086130823672585,-0.2838417836814384,-0.31151710079367595,-0.6923891022527389,-0.20295474794086807,-0.5946336930876449,-0.14393750117426846,-0.019263605354098903,-0.3906453704273841,-0.33298870660880525,0.4443288973739295,3.742935306949487,-2.5678558723577645
92,1.0189189054711625,-0.7187547932739199,-0.5853335544601356,-0.34242797984217244,0.26423330573373704,0.13206018658903595,0.2622628903841059,1.05783726291511,0.6056618142256921,0.5261687832717786,-0.0684265855810523,1.2396024614027432,-1.5185823789978232,1.839542108136532,-0.5682971740010516,-1.7326957141635948,0.8021069539477902,-0.3710890907636312,-0.2838417836814384,-0.4272394296937649,-0.949597708822293,-0.06379113615920083,-0.3711643125051434,-0.3713148017348055,-0.2980762609131969,-0.3906453704273841,-0.33298870660880525,0.4443288973739295,3.742935306949487,-1.7323445586652375
93,0.9156402033272852,-0.5864636422053011,0.024305463155592105,-0.7917769913000212,0.00040942442850005117,-9.455257212752638e-06,0.2976103771821124,0.7676699830209773,0.43155555191709705,1.0389222491447063,-0.3257637665413213,0.8684028232354379,-1.5185823789978232,5.1537584682502855,0.019254680472562846,-1.4137826263853994,0.5340143899783872,-1.2086130823672585,-0.2838417836814384,-0.2764094890891929,-0.774818528039357,-0.27828381178165623,-0.6654252663737001,-0.20170807264273932,-0.0005139588520289902,-0.3097447571566525,-0.2965105467893482,9.771191899077746,3.742935306949487,-2.5678558723577645
94,0.9625850679381386,-0.7753951407917471,-0.8111257832067013,-0.17033686907108106,0.47935430197817497,0.3514198292075285,0.15949305965023347,0.8919024589298642,0.572176073545702,0.13322306582890334,-0.016931822336439625,1.3706140984029682,-1.5185823789978232,1.839542108136532,-0.8495767194166629,-1.8692380903832333,0.9335055917349602,-0.05148852550850922,-0.2838417836814384,-0.4609073648472085,-1.0244292713150238,-0.017028699885767686,-0.1073157285790656,-0.4661967323925954,-0.5723964886914323,-0.3906453704273841,-0.33298870660880525,0.4443288973739295,3.742935306949487,-0.8968332449727113
95,0.5776371781291415,-0.4319333551212031,0.2199920614026158,-0.7726557567699001,0.021159736346707026,-0.00701104365788815,0.12672065500452614,0.19273714126978367,0.209383081252066,0.6554104047755785,-0.2720548106017636,0.5736266399849311,-1.5185823789978232,8.467974828364037,0.12835567459568115,-1.0412578534799273,0.2896704934815636,-1.2086130823672585,-0.2838417836814384,-0.15656806766444126,-0.5706576543562693,-0.19517757963924307,-0.4900889794402579,-0.08058426115435789,-0.04210508674111119,-0.2382201851900247,-0.2600323869698911,43.342507549737185,3.742935306949487,-2.5678558723577645
96,1.2536432285254289,-3.1424591837492883,-1.6089249914445678,0.4128607840976165,2.4563296486997537,2.7426414589600814,-0.713382885281197,1.9702524562477681,0.7451857337256507,1.422434093513834,-0.09947035051004803,1.8619077371538133,-1.5185823789978232,9.457624210639754,-15.485774282863796,-38.94785217146893,34.765319479141645,-1.2086130823672585,-0.2838417836814384,-1.867928370098976,-4.151724717359426,-0.4054319847540154,-3.5655607422682083,-31.03194068740357,-2.2521231935572508,-0.3906453704273841,-0.33298870660880525,0.4443288973739295,43.63357539920554,-13.202098370254733
97,1.2442542556032583,-2.7604001024021443,-1.7218211058178507,0.5467094258084654,2.792069887072794,3.36144279543342,-0.9669468631728017,1.9263154343727111,0.7396047769456524,0.6425317503052534,-0.17442129454153035,1.8837430099871844,-1.5185823789978232,9.457624210639754,-14.55752496403394,-34.212586014941806,26.825696292839307,-0.3710890907636312,-0.2838417836814384,-1.6408262964132294,-3.646959487719096,-0.6244911008522863,-1.425468067601123,-21.03372078571817,-2.579268783631884,-0.3906453704273841,-0.33298870660880525,0.4443288973739295,43.63357539920554,-8.906490243813636
98,1.1691424722258932,-1.2931967295943134,-1.3680799474482306,0.2120878215313436,1.6562713447493431,1.6861494907121908,-0.3207169354081537,1.5980939711516198,0.5510351369869011,1.3265561324215522,-0.023373754911275368,1.7418137365702733,-1.5185823789978232,26.49698022650311,-5.41880542090199,-16.02796794094646,5.887570614272536,-1.2086130823672585,-0.2838417836814384,-0.6095038491641865,-1.7085335123619008,-0.04402883112784497,-1.4673130887159973,-2.1626876136613107,-1.6283340426906447,-0.3097447571566525,-0.2965105467893482,9.771191899077746,43.63357539920554,-13.202098370254733
99,1.3287550119027944,-3.2326234108002563,-1.9701925574390733,0.7857248574349809,3.903942026900213,5.036022551956105,-1.5215405897667436,2.3460364042163286,0.7898333879656376,0.18390147771603246,-0.3602693930630516,1.971084101320668,-1.5185823789978232,9.457624210639754,-19.507035287762346,-40.06535371436756,36.78893039525279,-0.05148852550850922,-0.2838417836814384,-1.9215234393834104,-4.27084704423162,-1.5105572697600194,-0.4473994203749413,-33.780443055003204,-3.377053152944676,-0.3906453704273841,-0.33298870660880525,0.4443288973739295,43.63357539920554,-4.6108821173725465
100,0.98136301378248,-1.4777185177441896,-1.1648669415763215,0.16428473520604064,1.0079138722043008,1.0408558917040225,-0.18463896512302344,0.9451245797936167,0.3557264307642094,1.1134939966609256,-0.012299253263237726,1.501625735403194,-1.5185823789978232,43.536336242366474,-5.2722441990501325,-18.314943493227766,7.687592687310093,-1.2086130823672585,-0.2838417836814384,-0.5356463679686143,-1.9523182758092281,-0.03018750608993837,-1.6766789405694351,-3.2268230228412347,-1.1805195636543464,-0.2382201851900247,-0.2600323869698911,43.342507549737185,43.63357539920554,-13.202098370254733
101,0.8123615011834079,-0.3866533577267074,-0.6380184078343345,-1.5853082243000531,0.2502976933305443,0.17102565829554564,5.911971145063933,0.536102707300106,0.5944726674117833,0.4195027301577601,-1.6272706829379675,2.735318650488649,-1.5185823789978232,-0.10547629519956048,0.08912010741340051,-0.06666871780880969,-0.0620788596110381,-0.3710890907636312,-0.09758716862550967,-0.2829465116166596,-0.5108350525681988,-0.7355129221252742,-0.1996674374089993,-0.05780499366522589,-0.3541497714762724,-0.33690966037243425,-0.18132308137225087,-0.2289094125197813,-0.07159793143945567,-0.12390620220847905
102,0.8029725282612373,-0.3708070522719529,0.8070518561436874,-1.2411260027578706,0.39586277473576587,-0.3461512991099095,0.03746564258138867,0.5177284867448435,0.5876019728144041,0.9110849676883304,-0.9973879662835324,0.24609754748436746,-1.5185823789978232,0.013048613839120886,-0.1081110616833378,-0.06393641807427088,-0.0570947438561785,-1.2086130823672585,-0.2838417836814384,-0.2713504482155914,-0.4898993795209399,-0.4323354327681889,-0.42073261456322975,-0.05098517987379147,-0.566661137805737,-0.4809220250022198,-0.3694668664282623,0.0004334032724033496,-0.07159793143945567,-0.18366627318513487
103,-1.4409920001375511,1.2613624095677471,1.296268351761247,-0.724852670444597,-1.8327047331683035,-1.4343211338837452,0.4006754069841762,-2.992159286589529,-1.054494035959255,-6.384782809361032,-0.3401980824504034,-1.0531011861012003,-1.5185823789978232,0.36862334095516497,0.5906844097861979,0.21749045458322624,-0.6606629113973465,-9.32667488394116,-0.6228100307829761,0.9230440820944312,1.6664749443467275,0.5016264944431548,5.588875599735186,2.0068719031022746,-1.4618754867524222,-0.6249343896320053,-0.6238713059951144,9.771191899077746,-0.07159793143945567,-0.3629464861151023
104,1.5822572808014022,-1.0997371031906542,0.1372015775288753,-1.250686620022931,0.02254428200588148,-0.0017007440427316096,0.9244422373245488,3.961241390680183,0.9405192210255928,0.21898653209942964,-0.9128163065405888,1.2177671885693722,-1.5185823789978232,-0.10547629519956048,-0.054509059505670775,-0.1896222058630561,-0.5022013937201056,-0.05148852550850922,-0.2838417836814384,-0.6537014530923432,-1.45294033969485,-1.3020479586017228,-0.15220509165665932,-1.3300459126425217,-0.016377166248520342,-0.3906453704273841,-0.33298870660880525,-0.2289094125197813,-0.07159793143945567,-0.0641461312318232
105,0.014298802798901597,0.270176003372861,0.06946390890490567,-1.3080503236132943,5.22226864929457e-05,-0.00022071878624273223,1.2641133535796871,2.923472614528608e-06,0.008499438765868741,0.007383888580870079,-0.998470613381268,1.3924493712363393,-1.5185823789978232,0.013048613839120886,0.006779953227113298,0.04658510618782381,-0.030310542146960644,-0.3710890907636312,-0.2838417836814384,0.16059696947853416,0.3569485952406826,0.34989422462964603,0.13951863902082992,0.019721517034618472,-0.004197966657832349,-0.3906453704273841,-0.33298870660880525,0.0004334032724033496,-0.07159793143945567,-0.12390620220847905
106,0.4837474489074348,-0.10617375117755498,1.5897982491317826,-1.9677329149024776,0.9254305076537294,-2.645986882640501,0.0034834299366358944,0.11320251176921485,0.28754727776578626,0.5488793368952651,-2.2595329701671165,-0.05959627218282485,-1.5185823789978232,0.13157352287780225,-0.06097894160454704,-0.018307012507472804,-0.004680955164635881,-1.2086130823672585,-0.2838417836814384,-0.06311138837060781,-0.1402736396317161,-0.3111648685230949,-0.12046901389069753,-0.0011968824101904806,-2.1988954298191223,-0.3906453704273841,-0.33298870660880525,0.4443288973739295,-0.07159793143945567,-0.18366627318513487
107,-1.1029889749394073,1.1718307837483846,1.311321167011018,-1.3654140272036586,-1.4355899533467338,-1.4848714546933734,0.07525710809665452,-1.3418794878383862,-0.6556344180539347,-2.198394817038612,-1.0879654465261983,-0.3325371825999609,-1.5185823789978232,0.2500984319164837,0.5551299778223587,0.2020529610830819,-0.5702036114962902,-2.8138554271865885,-0.2838417836814384,0.6965550983886893,1.5481883916297143,1.6536162019139888,2.3356051420008654,1.6091432504655132,-1.4960244486518717,-0.3906453704273841,-0.33298870660880525,3.051630564427984,-0.07159793143945567,-0.2434263441617907
108,0.4837474489074348,-0.10617375117755498,1.5897982491317826,-1.9677329149024776,0.9254305076537294,-2.645986882640501,0.0034834299366358944,0.11320251176921485,0.28754727776578626,0.5488793368952651,-2.2595329701671165,-0.05959627218282485,-1.5185823789978232,0.13157352287780225,-0.06097894160454704,-0.018307012507472804,-0.004680955164635881,-1.2086130823672585,-0.2838417836814384,-0.06311138837060781,-0.1402736396317161,-0.3111648685230949,-0.12046901389069753,-0.0011968824101904806,-2.1988954298191223,-0.3906453704273841,-0.33298870660880525,0.4443288973739295,-0.07159793143945567,-0.18366627318513487
